1.000000000000000000e+00,4.982562695765579974e-10
1.000000000000000000e+00,7.084678621538387233e-09
9.999905824661254883e-01,9.404990123584866524e-06
5.547398629346389498e-08,1.000000000000000000e+00
3.251957036987107585e-10,1.000000000000000000e+00
9.966769631830629805e-09,1.000000000000000000e+00
9.999998807907104492e-01,1.062624264136502461e-07
1.000000000000000000e+00,9.954705504355843004e-09
3.506802626063176831e-09,1.000000000000000000e+00
1.315778486166152561e-09,1.000000000000000000e+00
9.999992847442626953e-01,7.626660476489632856e-07
9.999877214431762695e-01,1.224977313540875912e-05
9.999997615814208984e-01,1.999789276396768400e-07
1.000000000000000000e+00,1.167170715632437350e-08
1.860489021055400372e-03,9.981395006179809570e-01
7.489806648663943633e-06,9.999924898147583008e-01
1.818352302507264540e-06,9.999982118606567383e-01
1.000000000000000000e+00,1.758401258801500777e-12
8.779736937469806435e-09,1.000000000000000000e+00
1.627481260868535173e-08,1.000000000000000000e+00
9.995470643043518066e-01,4.529201542027294636e-04
9.999914169311523438e-01,8.612866622570436448e-06
1.000000000000000000e+00,1.255462511728921982e-09
9.999998807907104492e-01,8.029926590324976132e-08
1.721569133223965764e-04,9.998278617858886719e-01
1.000000000000000000e+00,2.535278120774364652e-08
1.065351799833802460e-11,1.000000000000000000e+00
1.428157925253970006e-09,1.000000000000000000e+00
1.074350279850477818e-06,9.999989271163940430e-01
2.068560739365565837e-10,1.000000000000000000e+00
2.352832098040380515e-06,9.999976158142089844e-01
9.999948740005493164e-01,5.079181391920428723e-06
1.375275928694463801e-06,9.999985694885253906e-01
9.999970197677612305e-01,2.937397084679105319e-06
9.600757522321146098e-09,1.000000000000000000e+00
1.001365490083117038e-05,9.999899864196777344e-01
1.000000000000000000e+00,3.751674752111577860e-12
1.289338001697615255e-06,9.999986886978149414e-01
9.999998807907104492e-01,7.849839533946578740e-08
1.000000000000000000e+00,4.778800999361010327e-08
9.051581884023107705e-08,9.999998807907104492e-01
9.369913641421590000e-06,9.999905824661254883e-01
1.087524950094120868e-07,9.999998807907104492e-01
9.999995231628417969e-01,4.599972669439011952e-07
9.999994039535522461e-01,6.018962608322908636e-07
8.429682338828570209e-07,9.999991655349731445e-01
1.417057683283928782e-05,9.999858140945434570e-01
9.999979734420776367e-01,1.970411176444031298e-06
1.475675759365913109e-08,1.000000000000000000e+00
9.999982118606567383e-01,1.776262479324941523e-06
1.055928606774614309e-07,9.999998807907104492e-01
1.000000000000000000e+00,3.885152466409635963e-08
2.053619274633433633e-09,1.000000000000000000e+00
6.113009404229430288e-11,1.000000000000000000e+00
1.000000000000000000e+00,4.473941572769035702e-08
9.999926090240478516e-01,7.415224445139756426e-06
9.999989271163940430e-01,1.130157556872291025e-06
3.492339928357068857e-08,1.000000000000000000e+00
1.000000000000000000e+00,2.197394072256386721e-10
9.775881437690259190e-08,9.999998807907104492e-01
3.990869024139698240e-10,1.000000000000000000e+00
5.085203156340867281e-07,9.999995231628417969e-01
9.999994039535522461e-01,5.476758815348148346e-07
2.983068581670522690e-03,9.970169067382812500e-01
9.999883174896240234e-01,1.164828154287533835e-05
1.095126691552650300e-07,9.999998807907104492e-01
9.999976158142089844e-01,2.343942924198927358e-06
8.085983154160203412e-07,9.999991655349731445e-01
1.000000000000000000e+00,4.076321502566315758e-08
1.000000000000000000e+00,1.123980375439259660e-08
9.983781576156616211e-01,1.621774514205753803e-03
9.999839067459106445e-01,1.605395300430245697e-05
1.396279145637890906e-07,9.999998807907104492e-01
2.738752868935989682e-07,9.999997615814208984e-01
4.124327460885979235e-06,9.999958276748657227e-01
9.999982118606567383e-01,1.766023274285544176e-06
3.356039087520912290e-06,9.999966621398925781e-01
1.206250431096123066e-06,9.999988079071044922e-01
3.359351197218529705e-08,1.000000000000000000e+00
2.277685098306392320e-06,9.999977350234985352e-01
2.706310198163919267e-08,1.000000000000000000e+00
9.995613694190979004e-01,4.386159416753798723e-04
4.761214427162485663e-07,9.999995231628417969e-01
9.999988079071044922e-01,1.151467813542694785e-06
3.761961352211073972e-06,9.999961853027343750e-01
1.000000000000000000e+00,1.735936117075453922e-10
3.887387078904680493e-10,1.000000000000000000e+00
1.242330290551763028e-05,9.999876022338867188e-01
1.000000000000000000e+00,1.165423979543334099e-09
9.999047517776489258e-01,9.522629989078268409e-05
4.555564885322382906e-07,9.999995231628417969e-01
1.340715556352733984e-07,9.999998807907104492e-01
1.000000000000000000e+00,1.166159391274845802e-10
9.999557733535766602e-01,4.422220081323757768e-05
9.999933242797851562e-01,6.696924174320884049e-06
1.000000000000000000e+00,4.927863983539282344e-08
9.999986886978149414e-01,1.325893663306487724e-06
3.529330427909371792e-08,1.000000000000000000e+00
1.000000000000000000e+00,3.323065780880263276e-11
9.999996423721313477e-01,3.347378481066698441e-07
4.263426092165900627e-07,9.999995231628417969e-01
2.576878443960595177e-08,1.000000000000000000e+00
2.821184352796990424e-08,1.000000000000000000e+00
4.584540420182747766e-06,9.999954700469970703e-01
1.402372333814128069e-07,9.999998807907104492e-01
1.000000000000000000e+00,9.658981513921416351e-13
2.633282747410703450e-07,9.999997615814208984e-01
1.760769308134513267e-10,1.000000000000000000e+00
9.999988079071044922e-01,1.190679199680744205e-06
9.999994039535522461e-01,5.682867936229740735e-07
1.000000000000000000e+00,2.382573825732148265e-11
1.022145781348626770e-07,9.999998807907104492e-01
9.858961647069008905e-09,1.000000000000000000e+00
1.000000000000000000e+00,1.202733290739388394e-08
9.560463922753115185e-07,9.999990463256835938e-01
9.999994039535522461e-01,6.375535690494871233e-07
1.413591910193190415e-08,1.000000000000000000e+00
7.455183658748865128e-04,9.992544054985046387e-01
1.634264663152862340e-05,9.999836683273315430e-01
9.999991655349731445e-01,8.907425126380985603e-07
1.203852795228499417e-09,1.000000000000000000e+00
1.000000000000000000e+00,6.246494432815552500e-10
9.999839067459106445e-01,1.611712468729820102e-05
9.998344182968139648e-01,1.655450760154053569e-04
9.999992847442626953e-01,7.661046197426912840e-07
1.000000000000000000e+00,5.235026190320013484e-09
2.845397375494940206e-06,9.999971389770507812e-01
9.999998807907104492e-01,7.470964646927313879e-08
3.301300457678735256e-04,9.996699094772338867e-01
1.000000000000000000e+00,5.738658437337562646e-10
1.152486959199450212e-07,9.999998807907104492e-01
1.000000000000000000e+00,7.500264989700015927e-15
3.807317128234899428e-09,1.000000000000000000e+00
4.766986967297270894e-05,9.999523162841796875e-01
9.852694347500801086e-06,9.999901056289672852e-01
1.377151864767611755e-10,1.000000000000000000e+00
4.580655058816773817e-06,9.999954700469970703e-01
1.000000000000000000e+00,2.258551567990707554e-08
2.396392062564700609e-07,9.999997615814208984e-01
9.999988079071044922e-01,1.241533482243539765e-06
8.319468633999349549e-07,9.999991655349731445e-01
1.000000000000000000e+00,8.068865662319291782e-22
9.999954700469970703e-01,4.543322575045749545e-06
3.414391824829721145e-10,1.000000000000000000e+00
1.803818349799257703e-06,9.999982118606567383e-01
2.331256155230221339e-06,9.999976158142089844e-01
1.000000000000000000e+00,3.581786950368481826e-11
9.991432428359985352e-01,8.567778277210891247e-04
4.282764365370894666e-09,1.000000000000000000e+00
9.999977350234985352e-01,2.226051719844690524e-06
9.999994039535522461e-01,6.217674695108144078e-07
1.521734229754656553e-04,9.998477697372436523e-01
9.924953383016327235e-14,1.000000000000000000e+00
2.398981087026186287e-05,9.999760389328002930e-01
9.998929500579833984e-01,1.070854777935892344e-04
1.982218611473740566e-09,1.000000000000000000e+00
9.999712705612182617e-01,2.869044874387327582e-05
1.126738613521638399e-08,1.000000000000000000e+00
5.557411100198805798e-07,9.999994039535522461e-01
9.999955892562866211e-01,4.388723482406930998e-06
1.000000000000000000e+00,1.283206041424733712e-10
1.000000000000000000e+00,1.839947749715520331e-08
9.999955892562866211e-01,4.373122919787419960e-06
1.000000000000000000e+00,4.788150320678141725e-09
3.274681603215867653e-06,9.999967813491821289e-01
5.569065208987922233e-09,1.000000000000000000e+00
1.014659119391581044e-06,9.999989271163940430e-01
9.999945163726806641e-01,5.440767836262239143e-06
9.999997615814208984e-01,2.277460566801892128e-07
2.969333763758186251e-06,9.999970197677612305e-01
9.999992847442626953e-01,7.700652417952369433e-07
9.999996423721313477e-01,4.018723984700045548e-07
1.588773557159584016e-07,9.999998807907104492e-01
1.346605245089449454e-06,9.999986886978149414e-01
5.121580243239165497e-11,1.000000000000000000e+00
9.999960660934448242e-01,3.910119630745612085e-06
1.000000000000000000e+00,5.099988140133682180e-11
3.738749398962681880e-07,9.999996423721313477e-01
6.055475296307122335e-06,9.999939203262329102e-01
1.000000000000000000e+00,3.111842561409616792e-09
9.999854564666748047e-01,1.452694050385616720e-05
1.309809771754544272e-08,1.000000000000000000e+00
3.983365193249710501e-09,1.000000000000000000e+00
1.000000000000000000e+00,5.481606280000050901e-09
4.735628681373782456e-05,9.999526739120483398e-01
4.488858590390165659e-11,1.000000000000000000e+00
9.999994039535522461e-01,5.911913945055857766e-07
9.999600648880004883e-01,3.989407196058891714e-05
9.999980926513671875e-01,1.876368287412333302e-06
1.000000000000000000e+00,2.715148661458499646e-10
9.999986886978149414e-01,1.348241084997425787e-06
5.370411599869839847e-06,9.999946355819702148e-01
9.999990463256835938e-01,9.334402193417190574e-07
1.693446094463979534e-08,1.000000000000000000e+00
9.999756813049316406e-01,2.436402974126394838e-05
3.911268253720123766e-10,1.000000000000000000e+00
9.999982118606567383e-01,1.764289436323451810e-06
8.968748943516402505e-08,9.999998807907104492e-01
1.000000000000000000e+00,2.578633662153606565e-08
9.999750852584838867e-01,2.492902422090992332e-05
9.999917745590209961e-01,8.274499123217537999e-06
1.132313062757184241e-10,1.000000000000000000e+00
9.998443126678466797e-01,1.557208161102607846e-04
4.659614660340594128e-06,9.999953508377075195e-01
3.176685822836589068e-06,9.999967813491821289e-01
1.000000000000000000e+00,6.766514015765778822e-10
2.067064922006700556e-11,1.000000000000000000e+00
9.781930446624755859e-01,2.180694229900836945e-02
1.000000000000000000e+00,1.747561739762204525e-08
2.318836312201200123e-13,1.000000000000000000e+00
9.999984502792358398e-01,1.567078697917168029e-06
9.999914169311523438e-01,8.585540854255668819e-06
3.928774094674736261e-04,9.996071457862854004e-01
3.409467126402887516e-06,9.999965429306030273e-01
1.000000000000000000e+00,4.788102136998872993e-10
1.505059026385424659e-05,9.999849796295166016e-01
8.713707302376860753e-07,9.999991655349731445e-01
3.451258407949353568e-07,9.999996423721313477e-01
7.798912626810761139e-10,1.000000000000000000e+00
1.000000000000000000e+00,1.111696956712648898e-09
9.999972581863403320e-01,2.753896069407346658e-06
9.999992847442626953e-01,6.643368237746472005e-07
2.144036476137145542e-10,1.000000000000000000e+00
2.799420473209579541e-09,1.000000000000000000e+00
5.161178082135897682e-11,1.000000000000000000e+00
9.997469782829284668e-01,2.529674384277313948e-04
1.733929593683569692e-06,9.999982118606567383e-01
9.999989271163940430e-01,1.046524516823410522e-06
1.000000000000000000e+00,2.139013410840107099e-09
9.999955892562866211e-01,4.374987838673405349e-06
1.413515633430506568e-07,9.999998807907104492e-01
9.999998807907104492e-01,1.346908078403430409e-07
2.941608023832031904e-08,1.000000000000000000e+00
9.999984502792358398e-01,1.535381329631491099e-06
1.930617665735212540e-09,1.000000000000000000e+00
1.000000000000000000e+00,3.381819979608735594e-08
1.946501242855447344e-06,9.999980926513671875e-01
9.999822378158569336e-01,1.777205943653825670e-05
9.999997615814208984e-01,2.200899302806647029e-07
8.866141154584283868e-11,1.000000000000000000e+00
9.977625608444213867e-01,2.237369539216160774e-03
1.000000000000000000e+00,1.802741289580467310e-10
1.000000000000000000e+00,1.616281136707087285e-10
9.218005537986755371e-01,7.819944620132446289e-02
4.878219897364033386e-06,9.999951124191284180e-01
1.000000000000000000e+00,3.065633435994641331e-08
1.596447418705793098e-08,1.000000000000000000e+00
9.999997615814208984e-01,2.898639195336727425e-07
4.378763307499866642e-08,1.000000000000000000e+00
9.999952316284179688e-01,4.780132258019875735e-06
1.000000000000000000e+00,2.412925859118786320e-08
2.969500883409637026e-06,9.999970197677612305e-01
9.995830655097961426e-01,4.169137682765722275e-04
8.301391122905385500e-14,1.000000000000000000e+00
8.046566108532715589e-06,9.999918937683105469e-01
1.626819084776798263e-06,9.999983310699462891e-01
1.474823818625736749e-07,9.999998807907104492e-01
9.999862909317016602e-01,1.368790617561899126e-05
5.181251326575875282e-04,9.994818568229675293e-01
9.999865293502807617e-01,1.341425468126544729e-05
9.984442591667175293e-01,1.555738155730068684e-03
9.999977350234985352e-01,2.271959829158731736e-06
6.026366038136554693e-12,1.000000000000000000e+00
9.999991655349731445e-01,8.602765433352033142e-07
2.779232318061986007e-06,9.999972581863403320e-01
5.639098077381277108e-09,1.000000000000000000e+00
9.999454021453857422e-01,5.453683115774765611e-05
9.997166991233825684e-01,2.832788450177758932e-04
2.007353259614319541e-06,9.999979734420776367e-01
2.281757699451603116e-10,1.000000000000000000e+00
9.999976158142089844e-01,2.353190893700229935e-06
4.382268343761097640e-07,9.999995231628417969e-01
2.068317002112962655e-07,9.999997615814208984e-01
1.000000000000000000e+00,5.248963930171157699e-09
1.000000000000000000e+00,5.125109727886420496e-14
9.994432330131530762e-01,5.566955078393220901e-04
9.977850914001464844e-01,2.214925596490502357e-03
1.751317654452577699e-06,9.999982118606567383e-01
1.000000000000000000e+00,6.113202388746685756e-09
2.849606516974745318e-06,9.999971389770507812e-01
9.999980926513671875e-01,1.893712465061980765e-06
8.517453074455261230e-01,1.482547223567962646e-01
3.444031335675390437e-07,9.999996423721313477e-01
2.176949619918724932e-13,1.000000000000000000e+00
1.000000000000000000e+00,3.921102376125418232e-08
6.924704393895808607e-06,9.999930858612060547e-01
1.000000000000000000e+00,6.800833767667269214e-12
9.999939203262329102e-01,6.066295554774114862e-06
1.220316971739521250e-05,9.999878406524658203e-01
9.999788999557495117e-01,2.109968045260757208e-05
2.016653525060974061e-06,9.999979734420776367e-01
9.999318122863769531e-01,6.822005525464192033e-05
9.999276399612426758e-01,7.233672658912837505e-05
1.298070206878776389e-09,1.000000000000000000e+00
5.204853562035260950e-11,1.000000000000000000e+00
1.097300139640822181e-09,1.000000000000000000e+00
8.740809676055505406e-08,9.999998807907104492e-01
5.506096840690588579e-07,9.999994039535522461e-01
9.999992847442626953e-01,7.121694807210587896e-07
9.999983310699462891e-01,1.642561414882948156e-06
1.000000000000000000e+00,5.888436405143693264e-09
1.000000000000000000e+00,3.979945238934308460e-14
1.913419964694185182e-06,9.999980926513671875e-01
9.999936819076538086e-01,6.342004326143069193e-06
2.502164988982258365e-06,9.999974966049194336e-01
2.420448552697962441e-08,1.000000000000000000e+00
9.999952316284179688e-01,4.795080712938215584e-06
9.999488592147827148e-01,5.119116758578456938e-05
6.782677989137370078e-14,1.000000000000000000e+00
2.008455401991682265e-09,1.000000000000000000e+00
9.999922513961791992e-01,7.708919838478323072e-06
9.999825954437255859e-01,1.740719380904920399e-05
1.262960624970332901e-09,1.000000000000000000e+00
9.999933242797851562e-01,6.641000709350919351e-06
9.999997615814208984e-01,1.950387229499028763e-07
9.999951124191284180e-01,4.872245426668087021e-06
9.999998807907104492e-01,1.389711172805618844e-07
1.589211156572398805e-15,1.000000000000000000e+00
5.878489901078864932e-06,9.999941587448120117e-01
5.869320034435077105e-07,9.999994039535522461e-01
1.000000000000000000e+00,3.221320765689483778e-09
1.000000000000000000e+00,8.909033510917652166e-10
3.048436611648164263e-13,1.000000000000000000e+00
1.176050229423353244e-10,1.000000000000000000e+00
3.592162329368875362e-06,9.999964237213134766e-01
9.999951124191284180e-01,4.857691237702965736e-06
5.165606580703752115e-06,9.999948740005493164e-01
6.371672633953551212e-11,1.000000000000000000e+00
9.999982118606567383e-01,1.813091785152209923e-06
9.999998807907104492e-01,1.165564000871199823e-07
9.999995231628417969e-01,5.260728812572779134e-07
9.999787807464599609e-01,2.118260454153642058e-05
1.425887887762655737e-07,9.999998807907104492e-01
6.918188546478631906e-07,9.999992847442626953e-01
3.526282199572960963e-08,1.000000000000000000e+00
1.000000000000000000e+00,5.240291311991995826e-09
4.766125414334965171e-07,9.999995231628417969e-01
5.866707120105729700e-10,1.000000000000000000e+00
1.330151644651778042e-05,9.999866485595703125e-01
1.000000000000000000e+00,1.603166666086508485e-08
1.419147375433587807e-14,1.000000000000000000e+00
9.666686082709929906e-07,9.999990463256835938e-01
2.716078961384482682e-05,9.999728202819824219e-01
1.000000000000000000e+00,5.303872452344648991e-09
3.129749472918774700e-07,9.999996423721313477e-01
9.468334970230696257e-12,1.000000000000000000e+00
9.999998807907104492e-01,1.637751694261169177e-07
9.999960660934448242e-01,3.876753908116370440e-06
7.412790000671520829e-05,9.999258518218994141e-01
1.000000000000000000e+00,4.818588195121265016e-08
9.999997615814208984e-01,2.646883672241528984e-07
1.255877941730432212e-05,9.999874830245971680e-01
9.999991655349731445e-01,7.758954438941145781e-07
8.353620906120795553e-09,1.000000000000000000e+00
1.000000000000000000e+00,1.944640182216517132e-08
7.766833732603117824e-06,9.999922513961791992e-01
9.999928474426269531e-01,7.094956799846841022e-06
2.432305008445712069e-12,1.000000000000000000e+00
9.999866485595703125e-01,1.331522344116820022e-05
1.360882322387624299e-07,9.999998807907104492e-01
7.837219778315460128e-14,1.000000000000000000e+00
1.000000000000000000e+00,7.912611010851833271e-09
4.196864730743321559e-11,1.000000000000000000e+00
7.777439492429039092e-08,9.999998807907104492e-01
2.158488943138081595e-09,1.000000000000000000e+00
1.000000000000000000e+00,7.834848325671828206e-09
3.252287933719344437e-05,9.999674558639526367e-01
9.999990463256835938e-01,9.805738727663992904e-07
1.910218827561038779e-07,9.999997615814208984e-01
1.486630596403415439e-09,1.000000000000000000e+00
7.963059942994732410e-06,9.999920129776000977e-01
2.173504753955057822e-06,9.999978542327880859e-01
9.999984502792358398e-01,1.518712679171585478e-06
9.999929666519165039e-01,7.078346243361011147e-06
9.999989271163940430e-01,1.087168811864103191e-06
1.192295240315388583e-08,1.000000000000000000e+00
9.999992847442626953e-01,7.208880106190918013e-07
2.446970484015764669e-07,9.999997615814208984e-01
9.999995231628417969e-01,4.195594556222204119e-07
4.392385066775972291e-10,1.000000000000000000e+00
6.441123900913225953e-08,9.999998807907104492e-01
4.378955509309889749e-08,1.000000000000000000e+00
4.876201109560440727e-10,1.000000000000000000e+00
1.936133685376262292e-06,9.999980926513671875e-01
9.999970197677612305e-01,2.962853159260703251e-06
9.995167255401611328e-01,4.832196573261171579e-04
9.999985694885253906e-01,1.371617713630257640e-06
5.528414170896667201e-09,1.000000000000000000e+00
9.999873638153076172e-01,1.261194847756996751e-05
2.793919817722922971e-10,1.000000000000000000e+00
1.598806647962192073e-06,9.999984502792358398e-01
8.585463433519180398e-07,9.999991655349731445e-01
1.085957546109739269e-08,1.000000000000000000e+00
9.040056880849078880e-08,9.999998807907104492e-01
8.310402336064726114e-06,9.999916553497314453e-01
9.999997615814208984e-01,2.598075923287979094e-07
9.999910593032836914e-01,8.928329407353885472e-06
6.669573622275493108e-07,9.999992847442626953e-01
7.576483039883896708e-05,9.999241828918457031e-01
9.999998807907104492e-01,1.755061731500973110e-07
9.999957084655761719e-01,4.317799721320625395e-06
5.832102421509635821e-16,1.000000000000000000e+00
9.999386072158813477e-01,6.140681216493248940e-05
9.999871253967285156e-01,1.287604663957608864e-05
9.999998807907104492e-01,1.279898214079366880e-07
2.038517959590535611e-05,9.999796152114868164e-01
1.077186340125990682e-07,9.999998807907104492e-01
9.190262971969787031e-06,9.999908208847045898e-01
1.081618918874482915e-07,9.999998807907104492e-01
1.000000000000000000e+00,8.520006922196898813e-09
1.000000000000000000e+00,9.075357826349161883e-11
9.998303651809692383e-01,1.696368999546393752e-04
2.564563328633084893e-05,9.999743700027465820e-01
4.452728463721911112e-11,1.000000000000000000e+00
2.145870370284796991e-09,1.000000000000000000e+00
2.649607813509646803e-05,9.999735355377197266e-01
9.999996423721313477e-01,3.319213703889545286e-07
1.000000000000000000e+00,5.895392174437574795e-09
1.000000000000000000e+00,2.499197293559518585e-08
1.000000000000000000e+00,3.449729168991666484e-09
3.283667027176306874e-08,1.000000000000000000e+00
2.195235140334261814e-07,9.999997615814208984e-01
9.999470710754394531e-01,5.295026130625046790e-05
9.999989271163940430e-01,1.123889319387672003e-06
5.337350570192023191e-13,1.000000000000000000e+00
2.385677655425411103e-09,1.000000000000000000e+00
6.448152234383996984e-09,1.000000000000000000e+00
1.332153715338790789e-06,9.999986886978149414e-01
9.999347925186157227e-01,6.515417044283822179e-05
1.000000000000000000e+00,3.396545977807363670e-08
5.402707756729796529e-06,9.999946355819702148e-01
1.000000000000000000e+00,4.216824223135517968e-09
9.999979734420776367e-01,2.030711357292602770e-06
4.602051812546692489e-12,1.000000000000000000e+00
1.943339157151058316e-04,9.998056292533874512e-01
1.000000000000000000e+00,1.273611771601679266e-09
3.589253694258331961e-08,1.000000000000000000e+00
4.688461858332049204e-12,1.000000000000000000e+00
3.538464660168827436e-11,1.000000000000000000e+00
1.224415541400958318e-06,9.999988079071044922e-01
9.999967813491821289e-01,3.239528723497642204e-06
1.207761357591152773e-07,9.999998807907104492e-01
9.999990463256835938e-01,9.210664870806795079e-07
9.999634027481079102e-01,3.655458931461907923e-05
9.002955266623757780e-06,9.999909400939941406e-01
9.999607801437377930e-01,3.919709342881105840e-05
3.451442154300821130e-08,1.000000000000000000e+00
9.999845027923583984e-01,1.548528962302953005e-05
1.515119265604880638e-06,9.999984502792358398e-01
1.154873280029278249e-05,9.999884366989135742e-01
9.999917745590209961e-01,8.236268513428512961e-06
1.184904618867221870e-08,1.000000000000000000e+00
9.998213648796081543e-01,1.786889333743602037e-04
9.999988079071044922e-01,1.174848307528009173e-06
1.848934698500670493e-05,9.999815225601196289e-01
9.146714496921504178e-10,1.000000000000000000e+00
1.634885116175155417e-09,1.000000000000000000e+00
1.000000000000000000e+00,1.039979924399858646e-08
9.999998807907104492e-01,8.546867036329786060e-08
9.999998807907104492e-01,1.435181218312209239e-07
5.084064679666822073e-13,1.000000000000000000e+00
5.687385783680054541e-15,1.000000000000000000e+00
3.173360937580582686e-06,9.999967813491821289e-01
6.518105933467355229e-12,1.000000000000000000e+00
8.674946316844511784e-10,1.000000000000000000e+00
1.000000000000000000e+00,2.116380848349308508e-09
9.999978542327880859e-01,2.088129122057580389e-06
9.992151260375976562e-01,7.847991073504090309e-04
9.999996423721313477e-01,3.944898026020382531e-07
9.150637192423261013e-11,1.000000000000000000e+00
9.999982118606567383e-01,1.785413132893154398e-06
9.999988079071044922e-01,1.225788309966446832e-06
1.000000000000000000e+00,7.604767482405350165e-09
9.999952316284179688e-01,4.709372660727240145e-06
1.271159393023690853e-11,1.000000000000000000e+00
9.999490976333618164e-01,5.090327977086417377e-05
8.815024266084492410e-09,1.000000000000000000e+00
6.258360496502746173e-10,1.000000000000000000e+00
9.999998807907104492e-01,1.058485565863520605e-07
3.498353251529806585e-08,1.000000000000000000e+00
9.999986886978149414e-01,1.298493884860363323e-06
1.008905822384373319e-13,1.000000000000000000e+00
9.999998807907104492e-01,1.488724592491053045e-07
9.999990463256835938e-01,9.423003461961343419e-07
3.858000638956582407e-07,9.999996423721313477e-01
1.000000000000000000e+00,5.596513252825729978e-10
9.999998807907104492e-01,1.763574886126662022e-07
1.797732407382568454e-09,1.000000000000000000e+00
9.999933242797851562e-01,6.671420123893767595e-06
1.000000000000000000e+00,1.764936996551114134e-08
3.692531791443798284e-08,1.000000000000000000e+00
3.133227073703892529e-05,9.999686479568481445e-01
9.999998807907104492e-01,1.322173517337432713e-07
1.000000000000000000e+00,3.849559337965047234e-09
2.692378231472503103e-08,1.000000000000000000e+00
2.968294230201729000e-12,1.000000000000000000e+00
9.999874830245971680e-01,1.251709727512206882e-05
6.019487977027893066e-01,3.980512022972106934e-01
9.999980926513671875e-01,1.900232291518477723e-06
9.999910593032836914e-01,8.978734513220842928e-06
9.999995231628417969e-01,5.329185910341038834e-07
2.622536214857973391e-07,9.999997615814208984e-01
3.175298616042709909e-06,9.999967813491821289e-01
1.000000000000000000e+00,7.845421201579938497e-09
1.000000000000000000e+00,4.883382587195228552e-08
1.336950808763504028e-04,9.998662471771240234e-01
1.153351719684891918e-10,1.000000000000000000e+00
8.656440968479728326e-07,9.999991655349731445e-01
1.000000000000000000e+00,1.526730825096578315e-10
9.999797344207763672e-01,2.027252230618614703e-05
1.073690136799143602e-09,1.000000000000000000e+00
3.333678932904149406e-08,1.000000000000000000e+00
1.000000000000000000e+00,2.424676128279235066e-12
9.999966621398925781e-01,3.308208079033647664e-06
9.998539686203002930e-01,1.460274943383410573e-04
9.999998807907104492e-01,1.623741070488904370e-07
9.999994039535522461e-01,6.265269121286110021e-07
1.435362673163353975e-08,1.000000000000000000e+00
9.999744892120361328e-01,2.554360617068596184e-05
4.266464088686916512e-07,9.999995231628417969e-01
2.749322447925806046e-06,9.999972581863403320e-01
9.999996423721313477e-01,3.900991316641011508e-07
9.999885559082031250e-01,1.144093221228104085e-05
2.112967194989323616e-06,9.999978542327880859e-01
6.009613362500942912e-10,1.000000000000000000e+00
9.999995231628417969e-01,4.819746095563459676e-07
1.285152677610312821e-07,9.999998807907104492e-01
1.000000000000000000e+00,2.767080786725273356e-09
1.000000000000000000e+00,2.435122858912563970e-08
9.999983310699462891e-01,1.725294737298099790e-06
2.097512025178716044e-10,1.000000000000000000e+00
1.000000000000000000e+00,1.450043018991209465e-08
8.774173065623919188e-14,1.000000000000000000e+00
8.805748014442671412e-13,1.000000000000000000e+00
5.441369921754812822e-06,9.999945163726806641e-01
1.000000000000000000e+00,9.353632535180622654e-09
1.000000000000000000e+00,3.057583630727833679e-10
9.999600648880004883e-01,3.993929567513987422e-05
1.333530708080843397e-08,1.000000000000000000e+00
1.000000000000000000e+00,1.722043396767958257e-09
7.741003571481996914e-08,9.999998807907104492e-01
3.356845246216266787e-09,1.000000000000000000e+00
1.923833004013886239e-08,1.000000000000000000e+00
4.128765385136290433e-11,1.000000000000000000e+00
3.064786255890794564e-07,9.999996423721313477e-01
9.999996423721313477e-01,4.091776872883201577e-07
1.000000000000000000e+00,8.847508142784121787e-11
9.999898672103881836e-01,1.015182806440861896e-05
4.124894870116690981e-10,1.000000000000000000e+00
9.999960660934448242e-01,3.887083039444405586e-06
9.962843060493469238e-01,3.715701866894960403e-03
1.000000000000000000e+00,1.036284613675775290e-09
7.833394192857667804e-06,9.999921321868896484e-01
7.287578114301140886e-07,9.999992847442626953e-01
9.999998807907104492e-01,1.577516428596936748e-07
9.999996423721313477e-01,4.021694905986805679e-07
7.324157195398584008e-05,9.999268054962158203e-01
1.704748910924536176e-06,9.999983310699462891e-01
9.999984502792358398e-01,1.598966832716541830e-06
1.000000000000000000e+00,5.477707620826777202e-09
1.000000000000000000e+00,2.884061434116347300e-09
9.999961853027343750e-01,3.784451564570190385e-06
9.966216087341308594e-01,3.378437831997871399e-03
2.883353545257705264e-06,9.999971389770507812e-01
3.542572624137818593e-10,1.000000000000000000e+00
2.632109317346476018e-05,9.999736547470092773e-01
9.999946355819702148e-01,5.387503733800258487e-06
3.910462786915758215e-10,1.000000000000000000e+00
1.000000000000000000e+00,3.281348748274126592e-09
1.000000000000000000e+00,6.892710291417358803e-10
1.000000000000000000e+00,1.913865794360772310e-13
3.999109637192743705e-12,1.000000000000000000e+00
4.913073325951700099e-08,1.000000000000000000e+00
9.999969005584716797e-01,3.068189471377991140e-06
1.833391934269457124e-06,9.999982118606567383e-01
6.939586683074594475e-08,9.999998807907104492e-01
9.200657018482161220e-07,9.999990463256835938e-01
9.999982118606567383e-01,1.843051222749636509e-06
2.728194340306799859e-05,9.999727010726928711e-01
5.291587967803934589e-07,9.999995231628417969e-01
9.993170499801635742e-01,6.830068887211382389e-04
1.000000000000000000e+00,4.404755671316706866e-08
9.999862909317016602e-01,1.369107940263347700e-05
2.270192453579511493e-06,9.999977350234985352e-01
9.999996423721313477e-01,3.990097354744648328e-07
2.080997452139854431e-03,9.979190230369567871e-01
2.939521209555095993e-06,9.999970197677612305e-01
5.220249565951462500e-09,1.000000000000000000e+00
7.407517159663257189e-07,9.999992847442626953e-01
9.999771118164062500e-01,2.290656993864104152e-05
9.999998807907104492e-01,1.471616144499421353e-07
1.014316694636363536e-06,9.999989271163940430e-01
5.261472681150625164e-13,1.000000000000000000e+00
1.000000000000000000e+00,1.276815719819524020e-08
2.600117454676365014e-08,1.000000000000000000e+00
9.999756813049316406e-01,2.428830703138373792e-05
9.998852014541625977e-01,1.147943839896470308e-04
9.999997615814208984e-01,2.009679462844360387e-07
2.190082248887392780e-08,1.000000000000000000e+00
1.017027315697305312e-07,9.999998807907104492e-01
9.999890327453613281e-01,1.095648713089758530e-05
8.069553558698316920e-08,9.999998807907104492e-01
9.999974966049194336e-01,2.546663608882226981e-06
2.515697851777076721e-04,9.997484087944030762e-01
9.999997615814208984e-01,2.277884192380952300e-07
9.994625449180603027e-01,5.374389584176242352e-04
3.328922970613490406e-10,1.000000000000000000e+00
1.301173058187998777e-10,1.000000000000000000e+00
1.628105295026216481e-08,1.000000000000000000e+00
9.999850988388061523e-01,1.488559246354270726e-05
8.215811657299315618e-14,1.000000000000000000e+00
2.094737055813311599e-06,9.999978542327880859e-01
1.023387485865612234e-09,1.000000000000000000e+00
1.657856035612581547e-12,1.000000000000000000e+00
9.999871253967285156e-01,1.289478586841141805e-05
2.163877525163115934e-06,9.999978542327880859e-01
1.151004056509918883e-07,9.999998807907104492e-01
9.999978542327880859e-01,2.149170541088096797e-06
1.000000000000000000e+00,1.399015681080584272e-09
9.997784495353698730e-01,2.215735148638486862e-04
1.611747393326368183e-07,9.999998807907104492e-01
6.010897335428921906e-10,1.000000000000000000e+00
8.291402232765004987e-15,1.000000000000000000e+00
1.047444995492696762e-03,9.989525079727172852e-01
8.423890474063000511e-10,1.000000000000000000e+00
9.999971389770507812e-01,2.915644927270477638e-06
9.999978542327880859e-01,2.142315452147158794e-06
9.999967813491821289e-01,3.199336106263217516e-06
2.610602578556608933e-08,1.000000000000000000e+00
9.999923706054687500e-01,7.610177362948888913e-06
9.999930858612060547e-01,6.878433850943110883e-06
9.999508857727050781e-01,4.908371556666679680e-05
1.705568593024509028e-07,9.999998807907104492e-01
3.450722090292401845e-07,9.999996423721313477e-01
9.999969005584716797e-01,3.095192141699953936e-06
9.999997615814208984e-01,1.974467807031032862e-07
3.660954525641635371e-11,1.000000000000000000e+00
5.124558555280600558e-08,1.000000000000000000e+00
1.906047941702126991e-07,9.999997615814208984e-01
1.000000000000000000e+00,2.260413934141217683e-15
9.999998807907104492e-01,9.411959212002329878e-08
8.540397544720690348e-08,9.999998807907104492e-01
9.954701662063598633e-01,4.529887810349464417e-03
1.000000000000000000e+00,1.282858541618026038e-10
1.000000000000000000e+00,6.224001869448159141e-11
1.212027811448024295e-08,1.000000000000000000e+00
9.999740123748779297e-01,2.598095852590631694e-05
9.998613595962524414e-01,1.386497606290504336e-04
2.889459851940223700e-11,1.000000000000000000e+00
1.640221171328448690e-06,9.999983310699462891e-01
1.000000000000000000e+00,8.996353026413921733e-15
1.000000000000000000e+00,5.397375701932105585e-08
4.003723741430320615e-10,1.000000000000000000e+00
5.959059912186148722e-10,1.000000000000000000e+00
9.503511866348901549e-11,1.000000000000000000e+00
1.371495955027057789e-06,9.999985694885253906e-01
9.999994039535522461e-01,5.958849556009226944e-07
5.806785452477924991e-07,9.999994039535522461e-01
1.000000000000000000e+00,2.448983460467957229e-09
9.999997615814208984e-01,1.927752748542843619e-07
9.999632835388183594e-01,3.673946775961667299e-05
1.000000000000000000e+00,7.672116830725883574e-10
1.783392811205430917e-08,1.000000000000000000e+00
9.999996423721313477e-01,3.671789272630121559e-07
9.999990463256835938e-01,9.726740017867996357e-07
1.194831042994337622e-06,9.999988079071044922e-01
1.799486248899029306e-08,1.000000000000000000e+00
1.522541858214876420e-12,1.000000000000000000e+00
3.227729195032225107e-09,1.000000000000000000e+00
9.999997615814208984e-01,2.106740453200472984e-07
9.999718666076660156e-01,2.809403486025985330e-05
1.000000000000000000e+00,1.835741159084136598e-08
9.998360872268676758e-01,1.638784160604700446e-04
9.982745647430419922e-01,1.725413952954113483e-03
7.976595952641218901e-06,9.999920129776000977e-01
9.999461174011230469e-01,5.384579344536177814e-05
1.447859054870548334e-09,1.000000000000000000e+00
2.153355808331980370e-06,9.999978542327880859e-01
9.999979734420776367e-01,2.074905069093802013e-06
1.000000000000000000e+00,3.957667527032526777e-10
6.048534851288422942e-05,9.999395608901977539e-01
1.000000000000000000e+00,3.830872563614917681e-10
1.000000000000000000e+00,2.446280914856070569e-16
2.899932951549999416e-06,9.999971389770507812e-01
1.423035517547632800e-12,1.000000000000000000e+00
1.704491270348995613e-10,1.000000000000000000e+00
9.999998807907104492e-01,1.265502191927225795e-07
9.993323683738708496e-01,6.675780750811100006e-04
2.285960817971499637e-06,9.999977350234985352e-01
9.999978542327880859e-01,2.107278305629733950e-06
2.161304308856415446e-07,9.999997615814208984e-01
9.999902248382568359e-01,9.831764145928900689e-06
1.000000000000000000e+00,7.742845475888771034e-09
1.375920965074328706e-05,9.999862909317016602e-01
9.999930858612060547e-01,6.938050319149624556e-06
1.734034960065855557e-08,1.000000000000000000e+00
9.999926090240478516e-01,7.351109616138273850e-06
1.000000000000000000e+00,2.196719472991048860e-10
9.999834299087524414e-01,1.660972702666185796e-05
2.667504217512828291e-09,1.000000000000000000e+00
9.999921321868896484e-01,7.845161235309205949e-06
1.998425432248041034e-06,9.999979734420776367e-01
1.000000000000000000e+00,3.055344865998677051e-10
4.386572355352669206e-11,1.000000000000000000e+00
4.674884923616673404e-10,1.000000000000000000e+00
2.347628480503516357e-10,1.000000000000000000e+00
1.000000000000000000e+00,2.019973077693748564e-09
9.999997615814208984e-01,2.386956339250900783e-07
9.999998807907104492e-01,1.352246670194290346e-07
5.840040690624492825e-12,1.000000000000000000e+00
1.000000000000000000e+00,4.779764584128542992e-09
9.999856948852539062e-01,1.435527701687533408e-05
9.997720122337341309e-01,2.279900363646447659e-04
2.501570816093590111e-05,9.999749660491943359e-01
9.999990463256835938e-01,1.006325533126073424e-06
9.999408721923828125e-01,5.916886584600433707e-05
6.459935519842474605e-08,9.999998807907104492e-01
5.059656587036442943e-07,9.999995231628417969e-01
2.462645170453470200e-05,9.999753236770629883e-01
1.000000000000000000e+00,5.469963326731885900e-08
1.000000000000000000e+00,7.089851438140531981e-14
4.081627480445604306e-08,1.000000000000000000e+00
9.999988079071044922e-01,1.246682700184464920e-06
9.999992847442626953e-01,7.638401484655332752e-07
9.999963045120239258e-01,3.656240096461260691e-06
2.423954700153663211e-12,1.000000000000000000e+00
6.495929555967450142e-04,9.993503689765930176e-01
6.823210746409458238e-11,1.000000000000000000e+00
5.512469414313894700e-14,1.000000000000000000e+00
1.457255149883707190e-11,1.000000000000000000e+00
2.047292291251778806e-08,1.000000000000000000e+00
9.999198913574218750e-01,8.013193291844800115e-05
1.000000000000000000e+00,2.337660953699582933e-09
9.999665021896362305e-01,3.349717007949948311e-05
1.000000000000000000e+00,1.157862605793980038e-08
9.999433755874633789e-01,5.656742359860800207e-05
9.999991655349731445e-01,8.417696335527580231e-07
9.980100989341735840e-01,1.989867771044373512e-03
9.999970197677612305e-01,3.030371544809895568e-06
9.999996423721313477e-01,3.900001956935739145e-07
1.023308723233640194e-04,9.998975992202758789e-01
9.999998807907104492e-01,7.702519155827758368e-08
9.999998807907104492e-01,1.003644030106443097e-07
6.758355160230156145e-12,1.000000000000000000e+00
9.999994039535522461e-01,5.918079182265501004e-07
9.999949932098388672e-01,5.001266345061594620e-06
1.550479211687161296e-08,1.000000000000000000e+00
1.000000000000000000e+00,1.897260837324665772e-08
3.143673932282098349e-10,1.000000000000000000e+00
9.999980926513671875e-01,1.913264895847532898e-06
7.701923544463709637e-14,1.000000000000000000e+00
9.999989271163940430e-01,1.073565726983360946e-06
9.990901947021484375e-01,9.097586735151708126e-04
9.728670120239257812e-01,2.713304944336414337e-02
1.844071135792546556e-07,9.999997615814208984e-01
3.150477368762949482e-06,9.999969005584716797e-01
6.141224195843619782e-10,1.000000000000000000e+00
1.010023488456912588e-11,1.000000000000000000e+00
4.892889648999698693e-09,1.000000000000000000e+00
1.000000000000000000e+00,2.558868698529503938e-12
8.184881880879402161e-05,9.999181032180786133e-01
8.953194083005655557e-06,9.999910593032836914e-01
9.999953508377075195e-01,4.679949142882833257e-06
9.998880624771118164e-01,1.119197841035202146e-04
2.747617777743016632e-08,1.000000000000000000e+00
1.000000000000000000e+00,3.696160131433368079e-12
1.000000000000000000e+00,7.870191165437745440e-10
3.338381304729409749e-08,1.000000000000000000e+00
7.378972077276557684e-05,9.999262094497680664e-01
1.073492961189970174e-10,1.000000000000000000e+00
9.999995231628417969e-01,4.194698419723863481e-07
4.049397261951526161e-07,9.999996423721313477e-01
9.770997166924644262e-08,9.999998807907104492e-01
9.998590946197509766e-01,1.409396645613014698e-04
4.650942964090631904e-10,1.000000000000000000e+00
1.000000000000000000e+00,4.053880786614172393e-09
1.061765289023242076e-07,9.999998807907104492e-01
9.999581575393676758e-01,4.181688200333155692e-05
9.997680783271789551e-01,2.319516643183305860e-04
9.999995231628417969e-01,4.254409020632010652e-07
9.999976158142089844e-01,2.382069851591950282e-06
1.058068285764157679e-10,1.000000000000000000e+00
9.999973773956298828e-01,2.643412699399050325e-06
1.210455811815336347e-04,9.998788833618164062e-01
1.000000000000000000e+00,4.574354761643917300e-08
9.613765403628349304e-03,9.903862476348876953e-01
9.999990463256835938e-01,9.442649684388015885e-07
3.481271715344291806e-09,1.000000000000000000e+00
9.999967813491821289e-01,3.203552523700636812e-06
9.999884366989135742e-01,1.150515799963613972e-05
1.022432902231251717e-10,1.000000000000000000e+00
4.521419350034250328e-10,1.000000000000000000e+00
1.533699212075134710e-08,1.000000000000000000e+00
9.999949932098388672e-01,4.948174137098249048e-06
9.999997615814208984e-01,2.773796552446583519e-07
2.189745282521471381e-05,9.999780654907226562e-01
1.566197198599184048e-07,9.999998807907104492e-01
9.999983310699462891e-01,1.681109552009729668e-06
1.994630292756482959e-05,9.999800920486450195e-01
9.999998807907104492e-01,1.316771403025995824e-07
9.999867677688598633e-01,1.319146122114034370e-05
1.000000000000000000e+00,4.985495394294048310e-08
9.999998807907104492e-01,7.220171482913428918e-08
2.597680959226522646e-10,1.000000000000000000e+00
9.999926090240478516e-01,7.448650194419315085e-06
3.588852508901695104e-14,1.000000000000000000e+00
9.999991655349731445e-01,8.782652116678946186e-07
1.000000000000000000e+00,1.024606614830059215e-12
2.681925650449556997e-07,9.999997615814208984e-01
9.999984502792358398e-01,1.556620986775669735e-06
1.128318562171846950e-13,1.000000000000000000e+00
1.000000000000000000e+00,2.962140088769160684e-09
3.842423341310352569e-12,1.000000000000000000e+00
2.715949847242882242e-07,9.999997615814208984e-01
9.999996423721313477e-01,3.146316771562851500e-07
9.999915361404418945e-01,8.450420864392071962e-06
9.999995231628417969e-01,5.008494099456584081e-07
9.997255206108093262e-01,2.744258672464638948e-04
7.438800508907661424e-08,9.999998807907104492e-01
9.121128528022381943e-07,9.999990463256835938e-01
7.433617610352882821e-10,1.000000000000000000e+00
7.786063349612959428e-08,9.999998807907104492e-01
9.999868869781494141e-01,1.305430032516596839e-05
9.999723434448242188e-01,2.764818054856732488e-05
1.000000000000000000e+00,3.527211508980165888e-11
2.348173893551575020e-06,9.999976158142089844e-01
1.881880345999675797e-10,1.000000000000000000e+00
5.062842092229402624e-07,9.999995231628417969e-01
7.677441321574107747e-11,1.000000000000000000e+00
7.397873673653521109e-07,9.999992847442626953e-01
9.999483823776245117e-01,5.161252920515835285e-05
9.999777078628540039e-01,2.229016354249324650e-05
1.366266744184940762e-08,1.000000000000000000e+00
1.000000000000000000e+00,7.724694495170325581e-11
9.345940688021414644e-10,1.000000000000000000e+00
9.999994039535522461e-01,5.635777711177070159e-07
2.928450815176120159e-09,1.000000000000000000e+00
9.997287392616271973e-01,2.712019195314496756e-04
1.000000000000000000e+00,5.272943193190826605e-10
4.129595970736588129e-13,1.000000000000000000e+00
9.999916553497314453e-01,8.401517334277741611e-06
3.858272279444463493e-08,1.000000000000000000e+00
9.999954700469970703e-01,4.529910711426055059e-06
8.022446309041697532e-06,9.999920129776000977e-01
9.999961853027343750e-01,3.804843800025992095e-06
1.096216034612851331e-10,1.000000000000000000e+00
9.999997615814208984e-01,2.970102457311440958e-07
9.998457431793212891e-01,1.542633399367332458e-04
9.999996423721313477e-01,3.976084315127081936e-07
4.563261413181862736e-08,1.000000000000000000e+00
6.038403804753400550e-11,1.000000000000000000e+00
3.709970178289445641e-11,1.000000000000000000e+00
1.000000000000000000e+00,2.960186783196316895e-12
9.999952316284179688e-01,4.760878709930693731e-06
4.939487360799965643e-11,1.000000000000000000e+00
2.365288196415349375e-07,9.999997615814208984e-01
7.986674063431564718e-06,9.999920129776000977e-01
1.000000000000000000e+00,7.852452577061797001e-10
1.399398744106292725e-01,8.600601553916931152e-01
5.399053293331235182e-07,9.999994039535522461e-01
9.999986886978149414e-01,1.300386315961077344e-06
9.606870662537403405e-06,9.999903440475463867e-01
7.660903793293982744e-05,9.999233484268188477e-01
1.745017783605362638e-07,9.999998807907104492e-01
1.000000000000000000e+00,6.106148919826637211e-10
1.064835419839482711e-08,1.000000000000000000e+00
3.894142341920314720e-09,1.000000000000000000e+00
9.999785423278808594e-01,2.143153506040107459e-05
9.947204589843750000e-01,5.279530771076679230e-03
9.999971389770507812e-01,2.894793169616605155e-06
9.999947547912597656e-01,5.257741577224805951e-06
4.743388231569049818e-14,1.000000000000000000e+00
9.999685287475585938e-01,3.147674942738376558e-05
5.731482510817897946e-10,1.000000000000000000e+00
9.971494078636169434e-01,2.850656397640705109e-03
9.931274652481079102e-01,6.872490514069795609e-03
1.000000000000000000e+00,1.049150721854630319e-08
1.963140192628998193e-07,9.999997615814208984e-01
8.370247447627224280e-15,1.000000000000000000e+00
1.678213679134898939e-09,1.000000000000000000e+00
9.999619722366333008e-01,3.803038998739793897e-05
9.999991655349731445e-01,8.343479862560343463e-07
2.406163918285131320e-13,1.000000000000000000e+00
1.702816199156131916e-08,1.000000000000000000e+00
1.807987391948699951e-01,8.192012906074523926e-01
9.999995231628417969e-01,4.626651559647143586e-07
1.393265641747021277e-10,1.000000000000000000e+00
1.000000000000000000e+00,2.046924732560369232e-16
4.188477760180830956e-04,9.995811581611633301e-01
8.135789357766043395e-07,9.999991655349731445e-01
9.995868802070617676e-01,4.130878078285604715e-04
2.483337084413506091e-06,9.999974966049194336e-01
1.000000000000000000e+00,1.194540577564850992e-10
9.999998807907104492e-01,1.344954512205731589e-07
9.999990463256835938e-01,9.298072995989059564e-07
9.999837875366210938e-01,1.627060191822238266e-05
1.643189904143582680e-07,9.999998807907104492e-01
3.934993947041220963e-05,9.999606609344482422e-01
1.156923168377232969e-10,1.000000000000000000e+00
3.619541075750021264e-07,9.999996423721313477e-01
2.018928357827576292e-10,1.000000000000000000e+00
1.000000000000000000e+00,2.103483609516842989e-08
6.157992756925523281e-04,9.993841648101806641e-01
8.396647960262626498e-11,1.000000000000000000e+00
1.000000000000000000e+00,1.004390015602041331e-09
1.041588898464951285e-10,1.000000000000000000e+00
1.000000000000000000e+00,6.289764709066503201e-09
9.999548196792602539e-01,4.517769775702618062e-05
1.160513308715027669e-12,1.000000000000000000e+00
9.994981288909912109e-01,5.018480587750673294e-04
7.978246685524936765e-07,9.999991655349731445e-01
9.999997615814208984e-01,2.342139140409926767e-07
1.309256453252416463e-10,1.000000000000000000e+00
9.999998807907104492e-01,7.268782553637720412e-08
4.496329353287364938e-08,1.000000000000000000e+00
9.999990463256835938e-01,9.524845268060744274e-07
9.999967813491821289e-01,3.176734026055783033e-06
9.999991655349731445e-01,8.364496579815750010e-07
9.999985694885253906e-01,1.479776187807146925e-06
3.310365457309671910e-07,9.999996423721313477e-01
6.445889599859810914e-09,1.000000000000000000e+00
9.999934434890747070e-01,6.575748557224869728e-06
9.999935626983642578e-01,6.480602678493596613e-06
9.999997615814208984e-01,1.972986467535520205e-07
2.391452107985969633e-05,9.999760389328002930e-01
9.999953508377075195e-01,4.604818968800827861e-06
9.999961853027343750e-01,3.789012453125906177e-06
1.000000000000000000e+00,7.666386636628885753e-09
2.865464132639772288e-08,1.000000000000000000e+00
6.034756583339628833e-10,1.000000000000000000e+00
9.999601840972900391e-01,3.981611735071055591e-05
4.135836206842213869e-06,9.999958276748657227e-01
9.999989271163940430e-01,1.091327021640609019e-06
7.569690865238953847e-07,9.999992847442626953e-01
1.581153163954240881e-08,1.000000000000000000e+00
1.686605877182500990e-08,1.000000000000000000e+00
9.989681243896484375e-01,1.031896797940135002e-03
3.182250551958532014e-08,1.000000000000000000e+00
9.999563694000244141e-01,4.363176776678301394e-05
3.888914745786564708e-10,1.000000000000000000e+00
9.999998807907104492e-01,7.231349030689671054e-08
2.533050746933440678e-07,9.999997615814208984e-01
2.080602801157738213e-09,1.000000000000000000e+00
1.000000000000000000e+00,1.714825947907172576e-09
3.192126598605682375e-07,9.999996423721313477e-01
9.999989271163940430e-01,1.031174519994237926e-06
1.000000000000000000e+00,1.275986538651352475e-10
9.989894032478332520e-01,1.010641222819685936e-03
2.817340146066271700e-06,9.999971389770507812e-01
1.189471589800594753e-12,1.000000000000000000e+00
2.889541406148055103e-08,1.000000000000000000e+00
6.262602436635233971e-09,1.000000000000000000e+00
9.999989271163940430e-01,1.051909862326283474e-06
1.000000000000000000e+00,3.571900109022863035e-08
9.999978542327880859e-01,2.197039520979160443e-06
9.999998807907104492e-01,9.849642879089515191e-08
1.000000000000000000e+00,1.076433719937597289e-09
9.981223940849304199e-01,1.877549453638494015e-03
6.268243701867959317e-09,1.000000000000000000e+00
9.995416402816772461e-01,4.583979025483131409e-04
9.999972581863403320e-01,2.729123707467806526e-06
9.999994039535522461e-01,5.965843570265860762e-07
1.000000000000000000e+00,4.893463065314129778e-11
2.186278935667473888e-09,1.000000000000000000e+00
9.999990463256835938e-01,9.429098213331599254e-07
9.999996423721313477e-01,3.791137999087368371e-07
1.447642171115148813e-05,9.999855756759643555e-01
2.388559794397338010e-09,1.000000000000000000e+00
2.394836445037545891e-13,1.000000000000000000e+00
1.000000000000000000e+00,2.633085589842654173e-12
9.999994039535522461e-01,5.517166528079542331e-07
9.999996423721313477e-01,3.850560972296079854e-07
2.542019647080451250e-04,9.997457861900329590e-01
1.106702620745636523e-04,9.998893737792968750e-01
9.998825788497924805e-01,1.173821656266227365e-04
1.625567875862543588e-07,9.999998807907104492e-01
4.725572155805934926e-10,1.000000000000000000e+00
9.999834299087524414e-01,1.660695488681085408e-05
9.999991655349731445e-01,7.775079780003579799e-07
9.999964237213134766e-01,3.528796241880627349e-06
9.999431371688842773e-01,5.688876262865960598e-05
1.000000000000000000e+00,3.562837136428242957e-08
8.864764822646975517e-05,9.999113082885742188e-01
1.000000000000000000e+00,5.299416017123803613e-08
9.998687505722045898e-01,1.312240929109975696e-04
3.148653559037484229e-05,9.999685287475585938e-01
1.146218265701132166e-13,1.000000000000000000e+00
4.629483155440539122e-04,9.995371103286743164e-01
3.207839472452178597e-05,9.999679327011108398e-01
1.000000000000000000e+00,1.890648970714892130e-09
4.570547673665714683e-07,9.999995231628417969e-01
1.000000000000000000e+00,1.527372450738084808e-09
9.999860525131225586e-01,1.390080524288350716e-05
1.043143627033060739e-10,1.000000000000000000e+00
8.806463824839738663e-07,9.999991655349731445e-01
3.526146610965952277e-05,9.999647140502929688e-01
7.442667424584215041e-07,9.999992847442626953e-01
1.595514368091244251e-05,9.999840259552001953e-01
9.994711279869079590e-01,5.289014661684632301e-04
9.999991655349731445e-01,7.755411388643551618e-07
9.268819689750671387e-01,7.311807572841644287e-02
5.632562416479913736e-09,1.000000000000000000e+00
9.984019398689270020e-01,1.598006696440279484e-03
7.059213385218754411e-05,9.999294281005859375e-01
1.000000000000000000e+00,3.453152430665795691e-09
9.999997615814208984e-01,2.111833907747495687e-07
6.382668699123072997e-11,1.000000000000000000e+00
1.334373394001886481e-07,9.999998807907104492e-01
6.297026899915181275e-09,1.000000000000000000e+00
1.357308860860939603e-07,9.999998807907104492e-01
4.022346274723531678e-06,9.999959468841552734e-01
9.999881982803344727e-01,1.185862311103846878e-05
2.555660544301119330e-11,1.000000000000000000e+00
9.999998807907104492e-01,1.138296639169311675e-07
9.999966621398925781e-01,3.374418383828015067e-06
3.615284640545723960e-06,9.999964237213134766e-01
1.000000000000000000e+00,8.852683031079777720e-09
9.864040748652769253e-07,9.999990463256835938e-01
1.000000000000000000e+00,5.394611979347985198e-10
3.785548324231058359e-05,9.999620914459228516e-01
1.229887372500293452e-11,1.000000000000000000e+00
1.722102570056449622e-05,9.999828338623046875e-01
3.710264095957427344e-09,1.000000000000000000e+00
2.480801751091749052e-13,1.000000000000000000e+00
1.792272814782336354e-04,9.998207688331604004e-01
1.000000000000000000e+00,5.911068612363123975e-08
2.685431321758358081e-10,1.000000000000000000e+00
9.999998807907104492e-01,1.718747171253198758e-07
9.999998807907104492e-01,6.476170710811857134e-08
1.000000000000000000e+00,4.489096738780062879e-08
1.000000000000000000e+00,1.001748461959550696e-08
1.075653577168635133e-13,1.000000000000000000e+00
1.000000000000000000e+00,3.227015321627391131e-09
1.000000000000000000e+00,7.083212488767642867e-11
1.173342933230570040e-11,1.000000000000000000e+00
9.999998807907104492e-01,9.001275458331292612e-08
9.999998807907104492e-01,1.031798646522474883e-07
4.923185315419686958e-06,9.999951124191284180e-01
5.052446340414462611e-06,9.999949932098388672e-01
1.906235775095410645e-05,9.999809265136718750e-01
9.999939203262329102e-01,6.137264790595509112e-06
9.999988079071044922e-01,1.166655351880763192e-06
5.686863957521381963e-08,1.000000000000000000e+00
9.999982118606567383e-01,1.829664370234240778e-06
2.785518802284059348e-07,9.999997615814208984e-01
1.000000000000000000e+00,4.845731919157292636e-15
1.000000000000000000e+00,3.713549245887293182e-09
5.041530130256433040e-06,9.999949932098388672e-01
9.999997615814208984e-01,2.278390383025907795e-07
8.301404702537595881e-11,1.000000000000000000e+00
1.954341968257722328e-07,9.999997615814208984e-01
7.254924994093414625e-10,1.000000000000000000e+00
1.863078750830027275e-06,9.999980926513671875e-01
9.999701976776123047e-01,2.982494879688601941e-05
3.591843836248109767e-11,1.000000000000000000e+00
1.000000000000000000e+00,5.888370954026944659e-12
2.036642172242864035e-06,9.999979734420776367e-01
9.668100764415044068e-10,1.000000000000000000e+00
1.514322711670956778e-08,1.000000000000000000e+00
1.000000000000000000e+00,5.520198342878757103e-08
1.377837179461494088e-06,9.999985694885253906e-01
9.999995231628417969e-01,5.291789761940890457e-07
1.218520083057228476e-06,9.999988079071044922e-01
9.999984502792358398e-01,1.567539129609940574e-06
1.568060361023526639e-05,9.999842643737792969e-01
3.466711713160340602e-14,1.000000000000000000e+00
9.999877214431762695e-01,1.224221705342642963e-05
9.999922513961791992e-01,7.782307875459082425e-06
3.361663392098535041e-09,1.000000000000000000e+00
9.999854564666748047e-01,1.459373197576496750e-05
9.981135129928588867e-01,1.886513899080455303e-03
1.000000000000000000e+00,1.241442504351653042e-08
4.645442913897568360e-06,9.999953508377075195e-01
2.790837116961597530e-09,1.000000000000000000e+00
1.000000000000000000e+00,6.652625065411976735e-12
4.718443946671868616e-08,1.000000000000000000e+00
1.000000000000000000e+00,1.762063495114318812e-09
3.209048966227451283e-13,1.000000000000000000e+00
7.621047552675008774e-05,9.999238252639770508e-01
1.000000000000000000e+00,2.641879426334980963e-08
5.956438009491193952e-09,1.000000000000000000e+00
3.303183681441224095e-12,1.000000000000000000e+00
7.452847228250902845e-08,9.999998807907104492e-01
2.811864874274760950e-07,9.999997615814208984e-01
2.873919220292009413e-05,9.999712705612182617e-01
9.994208812713623047e-01,5.791073199361562729e-04
1.609641413213847017e-11,1.000000000000000000e+00
7.577110864076530561e-06,9.999923706054687500e-01
2.308610386192455621e-10,1.000000000000000000e+00
4.117284788662800565e-06,9.999958276748657227e-01
1.000000000000000000e+00,1.397832072314031393e-08
1.000000000000000000e+00,1.734504806449876924e-08
1.900580286928743590e-06,9.999980926513671875e-01
1.000000000000000000e+00,1.308608688077583793e-08
9.999955892562866211e-01,4.425127826834795997e-06
1.022676656248222571e-06,9.999989271163940430e-01
1.000000000000000000e+00,8.031492138016460558e-11
9.999885559082031250e-01,1.149362196883885190e-05
2.814455365296453238e-04,9.997184872627258301e-01
9.999970197677612305e-01,2.936618784588063136e-06
9.999933242797851562e-01,6.645062057941686362e-06
1.000000000000000000e+00,4.169893585981299111e-08
9.999997615814208984e-01,2.410699835309060290e-07
6.046323787782179049e-14,1.000000000000000000e+00
9.999974966049194336e-01,2.558150526965619065e-06
2.651953138411045074e-03,9.973480701446533203e-01
7.045296984697912990e-11,1.000000000000000000e+00
9.999943971633911133e-01,5.580536708293948323e-06
1.000000000000000000e+00,6.903766447408088425e-09
4.896121481579029933e-06,9.999951124191284180e-01
9.999976158142089844e-01,2.342588686587987468e-06
4.313361046115460340e-08,1.000000000000000000e+00
3.051205392946149120e-13,1.000000000000000000e+00
1.588068218594251846e-12,1.000000000000000000e+00
7.697539103901362978e-07,9.999992847442626953e-01
1.000000000000000000e+00,7.250255951163353529e-12
9.999907016754150391e-01,9.286630302085541189e-06
1.272667748963840495e-08,1.000000000000000000e+00
5.186288490222068503e-06,9.999947547912597656e-01
9.999932050704956055e-01,6.805414614063920453e-06
9.999954700469970703e-01,4.544869625533465296e-06
9.999516010284423828e-01,4.836293737753294408e-05
9.999982118606567383e-01,1.767924004525411874e-06
1.781375249265693128e-05,9.999822378158569336e-01
9.999954700469970703e-01,4.536083906714338809e-06
6.485354787921782105e-12,1.000000000000000000e+00
2.491941986093593187e-09,1.000000000000000000e+00
9.999970197677612305e-01,3.000664491992210969e-06
2.883990237023681402e-04,9.997115731239318848e-01
2.816646883729845285e-06,9.999971389770507812e-01
4.392843948153313249e-06,9.999955892562866211e-01
7.739046168353524990e-07,9.999992847442626953e-01
9.999966621398925781e-01,3.312580474812421016e-06
3.244439881200378295e-07,9.999996423721313477e-01
9.999998807907104492e-01,1.536455158657190623e-07
9.999985694885253906e-01,1.456739937566453591e-06
9.616779594878721582e-12,1.000000000000000000e+00
1.138304469350259751e-05,9.999886751174926758e-01
1.000000000000000000e+00,4.945622933405502408e-08
9.999998807907104492e-01,1.169194447925292479e-07
9.999927282333374023e-01,7.280198587977793068e-06
1.213628486596007860e-08,1.000000000000000000e+00
6.215398684616957325e-08,9.999998807907104492e-01
1.819377010159328734e-10,1.000000000000000000e+00
4.714009094186621951e-08,1.000000000000000000e+00
9.995177984237670898e-01,4.822612099815160036e-04
1.000000000000000000e+00,1.098828597556611442e-10
9.999997615814208984e-01,2.025443563979933970e-07
2.344985894353612821e-08,1.000000000000000000e+00
7.995878265054656708e-11,1.000000000000000000e+00
2.278636657138122246e-06,9.999977350234985352e-01
9.999793767929077148e-01,2.059578764601610601e-05
1.000000000000000000e+00,2.461984616175527663e-09
9.999986886978149414e-01,1.300842768614529632e-06
1.359696966574119870e-06,9.999986886978149414e-01
1.000000000000000000e+00,2.695224665671958064e-08
6.982191536053505843e-08,9.999998807907104492e-01
9.998693466186523438e-01,1.306547637796029449e-04
9.999895095825195312e-01,1.052139214152703062e-05
1.545548968806542689e-07,9.999998807907104492e-01
9.999718666076660156e-01,2.811319791362620890e-05
9.999797344207763672e-01,2.032457814493682235e-05
9.999549388885498047e-01,4.508821803028695285e-05
1.000000000000000000e+00,2.007991994901203725e-09
2.468564019864061265e-08,1.000000000000000000e+00
3.656880631641712398e-10,1.000000000000000000e+00
2.147882332792505622e-05,9.999785423278808594e-01
1.000000000000000000e+00,3.044574370392183482e-08
1.000000000000000000e+00,3.857282548924700905e-10
5.801034149044426158e-06,9.999941587448120117e-01
1.164804302788979840e-06,9.999988079071044922e-01
9.999977350234985352e-01,2.305373300259816460e-06
6.275704436120577157e-07,9.999994039535522461e-01
6.047522674634819850e-06,9.999939203262329102e-01
9.980450868606567383e-01,1.954846316948533058e-03
9.999982118606567383e-01,1.817646761992364191e-06
9.999910593032836914e-01,8.991596587293315679e-06
5.050344586976507344e-09,1.000000000000000000e+00
2.092968945941256487e-13,1.000000000000000000e+00
2.052070158242713660e-05,9.999794960021972656e-01
2.437322633340954781e-03,9.975626468658447266e-01
1.658158544159960002e-05,9.999834299087524414e-01
3.472616663202643394e-05,9.999653100967407227e-01
1.000000000000000000e+00,7.140476210309998351e-09
3.463684756220032634e-14,1.000000000000000000e+00
1.000000000000000000e+00,4.255934626939961163e-08
2.969659362861420959e-08,1.000000000000000000e+00
5.977170758342253976e-07,9.999994039535522461e-01
7.190304666775115816e-13,1.000000000000000000e+00
6.947419137759425212e-07,9.999992847442626953e-01
9.999784231185913086e-01,2.155052970920223743e-05
9.999990463256835938e-01,9.263298466066771653e-07
4.376735281976743691e-15,1.000000000000000000e+00
9.999997615814208984e-01,2.142295727480814094e-07
1.000000000000000000e+00,4.340876616493183349e-12
1.000000000000000000e+00,4.267151302445038041e-12
9.999953508377075195e-01,4.642170097213238478e-06
9.999948740005493164e-01,5.111271548230433837e-06
1.163473643828183413e-04,9.998836517333984375e-01
3.002596435375259887e-12,1.000000000000000000e+00
1.000000000000000000e+00,2.412594568568238174e-08
7.685714535909937695e-07,9.999992847442626953e-01
9.999996423721313477e-01,3.817019376128882868e-07
2.345494404167730584e-13,1.000000000000000000e+00
1.000000000000000000e+00,4.651463218638624345e-15
1.000000000000000000e+00,4.194044223027049156e-09
2.459586312397732399e-06,9.999974966049194336e-01
1.149822424773017104e-13,1.000000000000000000e+00
6.110185779562016251e-08,9.999998807907104492e-01
1.000000000000000000e+00,9.271742262839666182e-10
9.999910593032836914e-01,8.905182767193764448e-06
6.997440404887811383e-09,1.000000000000000000e+00
2.896268142649205402e-06,9.999971389770507812e-01
9.999961853027343750e-01,3.867876785079715773e-06
9.999992847442626953e-01,6.729990786880080123e-07
9.996598958969116211e-01,3.401344583835452795e-04
5.550707101065199822e-06,9.999943971633911133e-01
2.081204911519307643e-06,9.999979734420776367e-01
7.502632342948345467e-06,9.999924898147583008e-01
9.999996423721313477e-01,3.681294629132025875e-07
9.999992847442626953e-01,6.650372483818500768e-07
1.000000000000000000e+00,5.677101150292074294e-11
8.302254883574278210e-08,9.999998807907104492e-01
1.167471282315091230e-06,9.999988079071044922e-01
7.122408192117291037e-07,9.999992847442626953e-01
9.999977350234985352e-01,2.220172518718754873e-06
1.000000000000000000e+00,7.130184220827118224e-10
1.729453735777042311e-08,1.000000000000000000e+00
9.999997615814208984e-01,2.225827984148054384e-07
9.054895144799957052e-07,9.999990463256835938e-01
4.355569035396911204e-05,9.999564886093139648e-01
3.599569254220114090e-06,9.999964237213134766e-01
1.082509949734689059e-12,1.000000000000000000e+00
9.999997615814208984e-01,2.424288538804830750e-07
7.100662419157188765e-11,1.000000000000000000e+00
6.095356752666702960e-07,9.999994039535522461e-01
1.000000000000000000e+00,4.920085228121706677e-09
9.999976158142089844e-01,2.398171545792138204e-06
5.683762793751157005e-08,1.000000000000000000e+00
1.588828013154852670e-06,9.999984502792358398e-01
9.999178647994995117e-01,8.212088141590356827e-05
8.045889648977677666e-11,1.000000000000000000e+00
5.402417082223109901e-05,9.999459981918334961e-01
9.999612569808959961e-01,3.874473623000085354e-05
1.795845590291111904e-11,1.000000000000000000e+00
8.279767627072942560e-08,9.999998807907104492e-01
9.999977350234985352e-01,2.301074800925562158e-06
1.863379111455287784e-05,9.999814033508300781e-01
9.611201221559895203e-07,9.999990463256835938e-01
9.999964237213134766e-01,3.587937271731789224e-06
9.999998807907104492e-01,9.731660099987493595e-08
1.455187543797364924e-06,9.999985694885253906e-01
2.369490630371728912e-06,9.999976158142089844e-01
9.999996423721313477e-01,3.194943758444424020e-07
9.999995231628417969e-01,5.141094447935756762e-07
9.999998807907104492e-01,1.255883859130335622e-07
9.999431371688842773e-01,5.687666271114721894e-05
9.999998807907104492e-01,7.926389855583693134e-08
1.737344490493342164e-09,1.000000000000000000e+00
1.748005118429318827e-08,1.000000000000000000e+00
4.765857397615036462e-08,1.000000000000000000e+00
9.999998807907104492e-01,1.475959265917481389e-07
3.197430586965310795e-08,1.000000000000000000e+00
1.000000000000000000e+00,2.838526569348687190e-08
1.129680723965797995e-11,1.000000000000000000e+00
4.484558946415972969e-09,1.000000000000000000e+00
9.999996423721313477e-01,3.096379828093631659e-07
9.999997615814208984e-01,2.202253455152458628e-07
3.610853749249492983e-13,1.000000000000000000e+00
9.999983310699462891e-01,1.650812350817432161e-06
2.929391769157518866e-07,9.999997615814208984e-01
5.858513001978649104e-13,1.000000000000000000e+00
5.545967241005200776e-09,1.000000000000000000e+00
3.435023643305612495e-08,1.000000000000000000e+00
1.000000000000000000e+00,6.796863072366932101e-09
9.999977350234985352e-01,2.263078613395919092e-06
9.999991655349731445e-01,8.678667882122681476e-07
3.213243282562672221e-10,1.000000000000000000e+00
9.999815225601196289e-01,1.849511500040534884e-05
1.000000000000000000e+00,2.315646372569313272e-12
1.000000000000000000e+00,6.461823437442504314e-11
1.554389928060118109e-05,9.999845027923583984e-01
5.771644828733712984e-10,1.000000000000000000e+00
1.000000000000000000e+00,6.800896290570790370e-09
7.262565940618515015e-02,9.273743033409118652e-01
2.033053059236067384e-09,1.000000000000000000e+00
9.997778534889221191e-01,2.221565082436427474e-04
9.999986886978149414e-01,1.255174197467567865e-06
9.995141029357910156e-01,4.858624888584017754e-04
9.999983310699462891e-01,1.645361521696031559e-06
5.932709967737537227e-08,1.000000000000000000e+00
9.999997615814208984e-01,2.642615868353459518e-07
3.610564470291137695e-01,6.389435529708862305e-01
2.925982752529504571e-13,1.000000000000000000e+00
9.999997615814208984e-01,2.953786975012917537e-07
1.723780042084399611e-05,9.999827146530151367e-01
9.999997615814208984e-01,2.865238286631210940e-07
2.342449261050205678e-05,9.999765157699584961e-01
2.606517846004408057e-08,1.000000000000000000e+00
1.000000000000000000e+00,3.891791749977002723e-11
2.775143457256490365e-07,9.999997615814208984e-01
1.000000000000000000e+00,2.609451283525077159e-13
7.051926900203397963e-07,9.999992847442626953e-01
5.343100961674451810e-11,1.000000000000000000e+00
9.999922513961791992e-01,7.803957487340085208e-06
2.710388580240419287e-10,1.000000000000000000e+00
1.196316934404251242e-10,1.000000000000000000e+00
2.666191711853116431e-09,1.000000000000000000e+00
1.000000000000000000e+00,5.093764698926861456e-08
1.000000000000000000e+00,3.637032844084351138e-15
9.430068281801595731e-09,1.000000000000000000e+00
2.709290214397697127e-08,1.000000000000000000e+00
5.030863576394040138e-06,9.999949932098388672e-01
9.999973773956298828e-01,2.608488330224645324e-06
1.662646575972814844e-09,1.000000000000000000e+00
1.000000000000000000e+00,8.165331437082451026e-19
9.999994039535522461e-01,5.660955366693087853e-07
1.068531596537525274e-09,1.000000000000000000e+00
9.992920160293579102e-01,7.079985807649791241e-04
5.295792693260636952e-10,1.000000000000000000e+00
1.000000000000000000e+00,6.573211308591453417e-09
9.555691480636596680e-01,4.443087801337242126e-02
1.458945269282307944e-12,1.000000000000000000e+00
1.000000000000000000e+00,6.701787735874376040e-11
1.000000000000000000e+00,1.522960750566237920e-11
1.565656617685817764e-07,9.999998807907104492e-01
5.571933581194343788e-09,1.000000000000000000e+00
4.590777962221181951e-07,9.999995231628417969e-01
9.999996423721313477e-01,3.586636410091159632e-07
2.973081245727371424e-05,9.999703168869018555e-01
9.052247840202198859e-10,1.000000000000000000e+00
2.463807380337357245e-09,1.000000000000000000e+00
9.999998807907104492e-01,1.581269799544315902e-07
9.999998807907104492e-01,7.725220996235293569e-08
4.241674105287529528e-06,9.999957084655761719e-01
1.623453904642246926e-08,1.000000000000000000e+00
1.120045562856830657e-04,9.998879432678222656e-01
2.524426918171229772e-06,9.999974966049194336e-01
1.323408570230721892e-11,1.000000000000000000e+00
9.999983310699462891e-01,1.696975800768996123e-06
1.513718302703637164e-06,9.999984502792358398e-01
1.022496326186228544e-05,9.999897480010986328e-01
9.999984502792358398e-01,1.517965415587241296e-06
1.000000000000000000e+00,1.248941505771483662e-10
1.000000000000000000e+00,9.473335005338867632e-09
3.805371573406546304e-09,1.000000000000000000e+00
2.191984614652309205e-11,1.000000000000000000e+00
6.368468530304483011e-10,1.000000000000000000e+00
1.000000000000000000e+00,8.247059923860433628e-09
3.840307272184873000e-07,9.999996423721313477e-01
9.999905824661254883e-01,9.389128535985946655e-06
1.000000000000000000e+00,2.553808009508884425e-08
9.999966621398925781e-01,3.390673555259127170e-06
9.999985694885253906e-01,1.476317038395791315e-06
3.041057539121538866e-08,1.000000000000000000e+00
9.999883174896240234e-01,1.162518947239732370e-05
4.042136060888879001e-05,9.999595880508422852e-01
9.999979734420776367e-01,2.052396666840650141e-06
1.813674657569208648e-06,9.999982118606567383e-01
5.385960832882119576e-08,1.000000000000000000e+00
1.000000000000000000e+00,1.318301379171771259e-08
8.957282832122714922e-11,1.000000000000000000e+00
3.666156089821015485e-07,9.999996423721313477e-01
1.000000000000000000e+00,2.547884125903010499e-10
9.210061335807040450e-08,9.999998807907104492e-01
9.999965429306030273e-01,3.413110789551865309e-06
1.169970786918383965e-07,9.999998807907104492e-01
9.999945163726806641e-01,5.502702606463572010e-06
9.999580383300781250e-01,4.195392830297350883e-05
9.999988079071044922e-01,1.212878601108968724e-06
7.374797994508242027e-10,1.000000000000000000e+00
6.455719205739063327e-13,1.000000000000000000e+00
1.000000000000000000e+00,1.014171591151580287e-08
2.010847993005882017e-06,9.999979734420776367e-01
9.999989271163940430e-01,1.039274025060876738e-06
1.000000000000000000e+00,1.212275679146612717e-11
9.999998807907104492e-01,1.172695291984382493e-07
2.065703944703622952e-12,1.000000000000000000e+00
4.069431014386282186e-08,1.000000000000000000e+00
9.020190918818116188e-05,9.999097585678100586e-01
1.429252023399385507e-07,9.999998807907104492e-01
1.000000000000000000e+00,1.655767723314971115e-15
8.050236501730978489e-04,9.991950392723083496e-01
1.338739785694542661e-08,1.000000000000000000e+00
2.215987038312050572e-08,1.000000000000000000e+00
9.999995231628417969e-01,4.414070247094059596e-07
1.333432010142132640e-04,9.998666048049926758e-01
6.250817918829199016e-11,1.000000000000000000e+00
3.820030542556196451e-06,9.999961853027343750e-01
9.999796152114868164e-01,2.039783794316463172e-05
9.999982118606567383e-01,1.839988385654578451e-06
9.999588727951049805e-01,4.108940993319265544e-05
1.331601584553254725e-08,1.000000000000000000e+00
2.652841857297971728e-08,1.000000000000000000e+00
1.224688332968071336e-07,9.999998807907104492e-01
1.447646411634195829e-07,9.999998807907104492e-01
2.053675274282795726e-08,1.000000000000000000e+00
5.041445092501817271e-07,9.999995231628417969e-01
6.255221478568273596e-07,9.999994039535522461e-01
4.966401595529745805e-11,1.000000000000000000e+00
4.089278828750542161e-12,1.000000000000000000e+00
1.031565499687303600e-09,1.000000000000000000e+00
1.000000000000000000e+00,2.944458232789770591e-09
9.999946355819702148e-01,5.396286724135279655e-06
7.579068750374062802e-08,9.999998807907104492e-01
9.999896287918090820e-01,1.036196044879034162e-05
1.055934202923158871e-12,1.000000000000000000e+00
1.000000000000000000e+00,4.077417870007593592e-08
1.000000000000000000e+00,8.895415515297599995e-10
3.240229265455418783e-11,1.000000000000000000e+00
9.999890327453613281e-01,1.095323841582285240e-05
3.043434837479708222e-09,1.000000000000000000e+00
1.063811055246333126e-06,9.999989271163940430e-01
9.985377788543701172e-01,1.462197629734873772e-03
9.999995231628417969e-01,4.430733895333105465e-07
7.096322227756468592e-13,1.000000000000000000e+00
3.552717453558784655e-09,1.000000000000000000e+00
9.964948296546936035e-01,3.505225293338298798e-03
9.999998807907104492e-01,8.196661838155705482e-08
1.480762734651364099e-11,1.000000000000000000e+00
9.999804496765136719e-01,1.956226697075180709e-05
8.297209205920808017e-06,9.999916553497314453e-01
9.999997615814208984e-01,2.627257345011457801e-07
1.000000000000000000e+00,1.862977133670895569e-10
9.999997615814208984e-01,2.969111108086508466e-07
2.453690584047762968e-10,1.000000000000000000e+00
1.928787696670042351e-06,9.999980926513671875e-01
3.923952718309919874e-08,1.000000000000000000e+00
9.999989271163940430e-01,1.051907815963204484e-06
9.999977350234985352e-01,2.292355020472314209e-06
1.112901992783577043e-09,1.000000000000000000e+00
9.812225476579783390e-10,1.000000000000000000e+00
1.000000000000000000e+00,2.304072843628546252e-08
1.130925284087425098e-06,9.999989271163940430e-01
1.375639158140984364e-07,9.999998807907104492e-01
1.000000000000000000e+00,1.315121789247086781e-08
1.789212156211306137e-08,1.000000000000000000e+00
4.933313202393208030e-10,1.000000000000000000e+00
1.000000000000000000e+00,6.377792183265285075e-10
1.699784646369550956e-09,1.000000000000000000e+00
9.999996423721313477e-01,4.066622523168916814e-07
9.999794960021972656e-01,2.048052374448161572e-05
5.227356325576693052e-08,1.000000000000000000e+00
9.999969005584716797e-01,3.126484898530179635e-06
9.999388456344604492e-01,6.120313628343865275e-05
1.000000000000000000e+00,7.387570999384251991e-09
2.253850023281600556e-10,1.000000000000000000e+00
4.093998029475187650e-07,9.999996423721313477e-01
6.425848823710111901e-06,9.999935626983642578e-01
3.559231728789136184e-11,1.000000000000000000e+00
9.999116659164428711e-01,8.837275527184829116e-05
9.999554157257080078e-01,4.454718146007508039e-05
6.323698471533134580e-06,9.999936819076538086e-01
9.999984502792358398e-01,1.540420839774014894e-06
5.745694718617411212e-12,1.000000000000000000e+00
1.000000000000000000e+00,1.104209154667579185e-10
4.261574304109672084e-06,9.999957084655761719e-01
6.005912434048354953e-10,1.000000000000000000e+00
9.999997615814208984e-01,2.248854542585831950e-07
9.999991655349731445e-01,8.537503504157939460e-07
8.130148637652823140e-11,1.000000000000000000e+00
7.660769796302702161e-10,1.000000000000000000e+00
9.999990463256835938e-01,9.677644356997916475e-07
9.999995231628417969e-01,4.949029062117915601e-07
1.000000000000000000e+00,1.513830949484429311e-09
1.856725248217117041e-06,9.999980926513671875e-01
9.996603727340698242e-01,3.396593965590000153e-04
1.083894894691184163e-04,9.998916387557983398e-01
6.467109869845444337e-07,9.999994039535522461e-01
9.999874830245971680e-01,1.248930220754118636e-05
3.424001704388501821e-08,1.000000000000000000e+00
9.999997615814208984e-01,1.995259424347750610e-07
9.996762275695800781e-01,3.238338977098464966e-04
9.999997615814208984e-01,1.825636530838892213e-07
1.000000000000000000e+00,5.206385322864548471e-10
3.108759116798864852e-08,1.000000000000000000e+00
4.961590249763503380e-08,1.000000000000000000e+00
2.195009045635742950e-07,9.999997615814208984e-01
9.997664093971252441e-01,2.335728349862620234e-04
2.324925807428712687e-09,1.000000000000000000e+00
1.049300313304968313e-09,1.000000000000000000e+00
1.999305386561900377e-04,9.998001456260681152e-01
9.999970197677612305e-01,2.922303565355832689e-06
9.999963045120239258e-01,3.738521400009631179e-06
9.999988079071044922e-01,1.202719317916489672e-06
9.999998807907104492e-01,1.085055174598892336e-07
9.998602867126464844e-01,1.396512379869818687e-04
1.435436296735870254e-12,1.000000000000000000e+00
9.999966621398925781e-01,3.382766863069264218e-06
9.999973773956298828e-01,2.565366912676836364e-06
9.999997615814208984e-01,2.058625057088647736e-07
9.994639754295349121e-01,5.359960487112402916e-04
9.999998807907104492e-01,1.594917193870060146e-07
9.999959468841552734e-01,4.063795131514780223e-06
9.919064181129755298e-11,1.000000000000000000e+00
9.999959468841552734e-01,4.048438313475344330e-06
2.067175159936596174e-07,9.999997615814208984e-01
4.086145050791190059e-12,1.000000000000000000e+00
7.761997977695500595e-08,9.999998807907104492e-01
1.000000000000000000e+00,6.442011507568068396e-11
4.411601275668098829e-15,1.000000000000000000e+00
3.716683139032284089e-08,1.000000000000000000e+00
1.126637005910424705e-09,1.000000000000000000e+00
2.785847755149006844e-06,9.999972581863403320e-01
9.982640147209167480e-01,1.736006932333111763e-03
1.000000000000000000e+00,1.988341491454548304e-09
6.630178717159651569e-08,9.999998807907104492e-01
9.999898672103881836e-01,1.011853055388201028e-05
9.999973773956298828e-01,2.571409595475415699e-06
9.261354350087458442e-09,1.000000000000000000e+00
1.833519490901380777e-06,9.999982118606567383e-01
9.999995231628417969e-01,4.642350575068121543e-07
1.000000000000000000e+00,2.349857375349984068e-08
2.957590972130219598e-08,1.000000000000000000e+00
1.000000000000000000e+00,6.767555960074389532e-11
9.999928474426269531e-01,7.107742931111715734e-06
9.999972581863403320e-01,2.750741259660571814e-06
