1.000000000000000000e+00,3.905361012357388972e-08
1.000000000000000000e+00,2.371302265657959651e-08
9.999996423721313477e-01,3.392344751773634925e-07
2.388671646258444525e-06,9.999976158142089844e-01
4.246604021318489686e-06,9.999957084655761719e-01
2.813495711961877532e-07,9.999997615814208984e-01
9.999908208847045898e-01,9.211269571096636355e-06
1.000000000000000000e+00,8.068919754578018910e-09
3.594713416532613337e-05,9.999639987945556641e-01
1.655989194659923669e-07,9.999998807907104492e-01
9.999959468841552734e-01,4.102653747395379469e-06
9.999994039535522461e-01,6.248317276913439855e-07
9.999997615814208984e-01,2.256050635196515941e-07
9.999941587448120117e-01,5.881069682800443843e-06
2.351275270484620705e-06,9.999976158142089844e-01
7.002142865530913696e-08,9.999998807907104492e-01
1.839974570275182408e-13,1.000000000000000000e+00
9.999979734420776367e-01,1.971388655874761753e-06
2.181706950068473816e-04,9.997817873954772949e-01
1.123315882978204172e-06,9.999989271163940430e-01
9.999941587448120117e-01,5.787871941720368341e-06
9.999985694885253906e-01,1.384933966619428247e-06
9.999977350234985352e-01,2.283466074004536495e-06
1.000000000000000000e+00,6.276127173521217628e-09
4.833495040656998754e-06,9.999951124191284180e-01
9.999966621398925781e-01,3.295065425845677964e-06
4.441818646228057332e-07,9.999995231628417969e-01
2.771768095044535585e-06,9.999972581863403320e-01
1.230535673357735504e-10,1.000000000000000000e+00
6.806193596275988966e-06,9.999932050704956055e-01
2.706561099330428988e-05,9.999729394912719727e-01
9.999976158142089844e-01,2.403570533715537749e-06
3.614198703871807083e-06,9.999964237213134766e-01
9.999998807907104492e-01,1.513116387741320068e-07
4.789490470891166751e-10,1.000000000000000000e+00
2.836765702340926509e-07,9.999997615814208984e-01
9.999995231628417969e-01,5.305342369865684304e-07
3.909497754648327827e-04,9.996090531349182129e-01
9.999997615814208984e-01,2.012295254871787620e-07
9.999997615814208984e-01,2.784416608392348280e-07
1.354567499833869704e-11,1.000000000000000000e+00
1.039831243332400845e-08,1.000000000000000000e+00
2.047557856599269144e-08,1.000000000000000000e+00
9.999966621398925781e-01,3.339599516039015725e-06
9.999973773956298828e-01,2.637671059346757829e-06
2.419433440081775188e-05,9.999758005142211914e-01
2.910158582380972803e-05,9.999709129333496094e-01
9.999983310699462891e-01,1.703942530184576754e-06
3.272037247370462865e-06,9.999967813491821289e-01
9.999990463256835938e-01,9.128864348895149305e-07
5.447179319162387401e-06,9.999945163726806641e-01
9.999743700027465820e-01,2.564054557296913117e-05
7.331697702284145635e-07,9.999992847442626953e-01
6.256782853597542271e-06,9.999938011169433594e-01
9.999996423721313477e-01,3.685031799705029698e-07
1.000000000000000000e+00,6.652089545866601838e-09
9.999991655349731445e-01,8.432962772531027440e-07
7.470206675463941792e-09,1.000000000000000000e+00
9.999994039535522461e-01,5.504437581294041593e-07
5.296288509271107614e-05,9.999470710754394531e-01
7.439649341023368834e-09,1.000000000000000000e+00
1.489148626632186279e-08,1.000000000000000000e+00
9.999991655349731445e-01,8.650201834825566038e-07
3.008682047948241234e-03,9.969912767410278320e-01
9.999978542327880859e-01,2.099266794175491668e-06
3.719696425874552403e-12,1.000000000000000000e+00
9.999996423721313477e-01,4.104760762402293039e-07
4.254774239598191343e-07,9.999995231628417969e-01
9.999964237213134766e-01,3.584435262382612564e-06
9.999998807907104492e-01,1.200968711145833367e-07
9.994984865188598633e-01,5.014502094127237797e-04
1.000000000000000000e+00,3.684188243369135307e-08
1.529022952695413551e-08,1.000000000000000000e+00
2.171111264033243060e-04,9.997828602790832520e-01
1.268245924945787806e-11,1.000000000000000000e+00
9.999998807907104492e-01,8.786073379951631068e-08
3.567862449926906265e-08,1.000000000000000000e+00
3.097903754678554833e-05,9.999690055847167969e-01
3.080792225773620885e-07,9.999996423721313477e-01
1.771389506757259369e-03,9.982286095619201660e-01
9.060218530976271722e-08,9.999998807907104492e-01
9.999678134918212891e-01,3.222341911168769002e-05
1.191280534840188920e-04,9.998809099197387695e-01
9.999986886978149414e-01,1.355013523607340176e-06
1.297313133363786619e-06,9.999986886978149414e-01
9.999938011169433594e-01,6.242996732908068225e-06
1.079485400623525493e-06,9.999989271163940430e-01
7.753645503427719632e-10,1.000000000000000000e+00
9.999994039535522461e-01,5.467646815304760821e-07
9.999949932098388672e-01,5.064381184638477862e-06
1.911222916040067332e-11,1.000000000000000000e+00
1.251434502899662071e-12,1.000000000000000000e+00
1.000000000000000000e+00,1.582888131679283106e-08
9.999647140502929688e-01,3.529473906382918358e-05
9.999936819076538086e-01,6.345743258862057701e-06
9.999998807907104492e-01,7.323277628756841295e-08
9.999998807907104492e-01,1.710228474394170917e-07
3.952916660665550808e-09,1.000000000000000000e+00
9.999994039535522461e-01,5.883712219656445086e-07
9.999983310699462891e-01,1.650256763241486624e-06
1.830526571211521514e-06,9.999982118606567383e-01
1.523231185274198651e-05,9.999847412109375000e-01
4.807970133136052482e-10,1.000000000000000000e+00
1.080503366779339558e-07,9.999998807907104492e-01
5.022268965149123687e-07,9.999995231628417969e-01
9.999845027923583984e-01,1.546983730804640800e-05
1.376574914502270985e-06,9.999985694885253906e-01
1.763116763697780698e-08,1.000000000000000000e+00
1.000000000000000000e+00,3.926378511209804856e-08
9.999997615814208984e-01,2.932818858880636981e-07
9.999991655349731445e-01,8.238619102485245094e-07
2.242844311695080251e-05,9.999775886535644531e-01
5.182942963699588290e-10,1.000000000000000000e+00
1.000000000000000000e+00,2.368531326624179201e-08
5.464328751259017736e-06,9.999945163726806641e-01
1.000000000000000000e+00,8.989502475742483512e-09
2.927173260725002280e-12,1.000000000000000000e+00
3.304791675873275381e-07,9.999996423721313477e-01
2.228207013104110956e-04,9.997771382331848145e-01
9.999997615814208984e-01,2.552279738665674813e-07
1.054401218425482512e-05,9.999895095825195312e-01
9.999973773956298828e-01,2.573141500761266798e-06
9.999963045120239258e-01,3.639815531641943380e-06
9.999909400939941406e-01,9.078120456251781434e-06
9.999997615814208984e-01,2.967641989926050883e-07
1.000000000000000000e+00,1.483399536539309338e-08
3.031487040061620064e-06,9.999970197677612305e-01
1.000000000000000000e+00,3.906754031390846649e-08
2.207532767695141729e-12,1.000000000000000000e+00
9.999951124191284180e-01,4.839574103243649006e-06
3.311522277726908214e-06,9.999966621398925781e-01
9.999895095825195312e-01,1.048591184371616691e-05
1.281967065835942776e-08,1.000000000000000000e+00
7.553052273578941822e-04,9.992446899414062500e-01
1.450761510923825881e-09,1.000000000000000000e+00
1.479176319207908818e-07,9.999998807907104492e-01
2.605886256787925959e-04,9.997393488883972168e-01
9.999996423721313477e-01,3.175151448431279277e-07
5.106011258249054663e-08,1.000000000000000000e+00
1.000000000000000000e+00,6.602916435838324105e-09
1.542765026840697828e-08,1.000000000000000000e+00
1.000000000000000000e+00,9.852921811770443128e-10
9.999966621398925781e-01,3.344147444295231253e-06
1.066984282260818873e-06,9.999989271163940430e-01
1.382342998113017529e-05,9.999861717224121094e-01
5.181346907079387165e-08,1.000000000000000000e+00
1.000000000000000000e+00,9.089237140713635199e-10
9.999767541885375977e-01,2.325723835383541882e-05
8.998467819765210152e-06,9.999910593032836914e-01
9.999915361404418945e-01,8.408072972088120878e-06
9.999996423721313477e-01,3.034637643395399209e-07
1.367457207379629835e-05,9.999862909317016602e-01
7.054759976199420635e-08,9.999998807907104492e-01
8.307399184559471905e-06,9.999916553497314453e-01
9.997946619987487793e-01,2.053837233688682318e-04
1.914154097448772518e-07,9.999997615814208984e-01
9.999998807907104492e-01,6.753239745194150601e-08
1.289918486691021826e-06,9.999986886978149414e-01
1.037169840856222436e-05,9.999896287918090820e-01
9.995394945144653320e-01,4.604730929713696241e-04
1.000000000000000000e+00,3.032214063170002305e-11
9.999816417694091797e-01,1.841334960772655904e-05
1.000000000000000000e+00,2.833258250234393927e-08
1.000000000000000000e+00,6.443529265709457832e-09
7.677151557701489271e-14,1.000000000000000000e+00
6.064479293854674324e-06,9.999939203262329102e-01
2.321710610431182431e-07,9.999997615814208984e-01
9.999995231628417969e-01,4.826134727409225889e-07
9.999995231628417969e-01,4.588843296460254351e-07
1.597702414812829375e-08,1.000000000000000000e+00
9.999989271163940430e-01,1.044663804350420833e-06
9.999966621398925781e-01,3.395041858311742544e-06
4.056110114447619708e-08,1.000000000000000000e+00
5.662835974362678826e-05,9.999433755874633789e-01
1.822455297784131290e-09,1.000000000000000000e+00
9.999996423721313477e-01,3.978538813953491626e-07
9.999912977218627930e-01,8.722148777451366186e-06
2.415584276604931802e-06,9.999976158142089844e-01
4.425703692412241708e-10,1.000000000000000000e+00
9.999885559082031250e-01,1.146790327766211703e-05
9.999068975448608398e-01,9.313163172919303179e-05
8.019973130046764709e-09,1.000000000000000000e+00
3.406418480622619427e-09,1.000000000000000000e+00
9.999980926513671875e-01,1.964587681868579239e-06
4.248297045705839992e-06,9.999957084655761719e-01
2.263442553385175415e-07,9.999997615814208984e-01
9.999970197677612305e-01,3.010961108884657733e-06
9.999980926513671875e-01,1.957738504643202759e-06
9.999964237213134766e-01,3.635302618931746110e-06
9.999829530715942383e-01,1.709095886326394975e-05
9.999896287918090820e-01,1.034420711221173406e-05
8.001961759873665869e-08,9.999998807907104492e-01
9.999965429306030273e-01,3.426139301154762506e-06
9.860093541647074744e-08,9.999998807907104492e-01
9.999690055847167969e-01,3.097416265518404543e-05
9.555538781569339335e-06,9.999904632568359375e-01
9.999936819076538086e-01,6.320545253402087837e-06
3.450205383614957100e-07,9.999996423721313477e-01
9.999996423721313477e-01,3.286556022885633865e-07
9.999998807907104492e-01,1.706221013364483952e-07
9.999880790710449219e-01,1.191744013340212405e-05
1.854718334470817354e-06,9.999980926513671875e-01
9.999592304229736328e-01,4.077514677192084491e-05
8.742860518395900726e-05,9.999126195907592773e-01
1.436317870684433728e-05,9.999856948852539062e-01
9.999967813491821289e-01,3.218760184608981945e-06
6.738353022228693590e-07,9.999992847442626953e-01
9.999997615814208984e-01,2.137122834255933412e-07
1.000000000000000000e+00,1.673691230053009349e-08
4.801890099770389497e-06,9.999952316284179688e-01
9.999887943267822266e-01,1.121839522966183722e-05
9.999997615814208984e-01,2.151228102320601465e-07
2.078448451356962323e-04,9.997921586036682129e-01
6.277637965013127541e-08,9.999998807907104492e-01
9.999977350234985352e-01,2.271955509058898315e-06
4.935379365633707494e-06,9.999951124191284180e-01
1.439070113073981361e-10,1.000000000000000000e+00
1.268603114112920593e-06,9.999986886978149414e-01
7.128216566343326122e-06,9.999928474426269531e-01
9.999927282333374023e-01,7.289056156878359616e-06
1.000000000000000000e+00,4.609294890212112250e-10
9.999977350234985352e-01,2.313654931640485302e-06
2.105678504449315369e-05,9.999788999557495117e-01
2.008927602048515837e-08,1.000000000000000000e+00
5.610016842183540575e-07,9.999994039535522461e-01
9.999980926513671875e-01,1.861860255303326994e-06
1.637006789678707719e-06,9.999983310699462891e-01
9.999998807907104492e-01,1.145190111628835439e-07
9.999998807907104492e-01,1.734579910817046766e-07
9.999995231628417969e-01,4.574664274059614399e-07
2.448520941555898389e-09,1.000000000000000000e+00
9.999998807907104492e-01,1.280213126619855757e-07
5.423015010143361625e-13,1.000000000000000000e+00
9.999967813491821289e-01,3.219417067157337442e-06
1.299906580243259668e-04,9.998699426651000977e-01
9.999997615814208984e-01,2.822939961788506480e-07
1.928742108248115983e-07,9.999997615814208984e-01
1.000000000000000000e+00,1.685101125303845038e-08
1.000000000000000000e+00,3.359588163220905699e-08
3.037523843563150194e-10,1.000000000000000000e+00
1.000000000000000000e+00,1.072386890399457116e-08
1.000000000000000000e+00,1.206924338248427375e-09
9.999978542327880859e-01,2.196415380240068771e-06
9.998847246170043945e-01,1.152089971583336592e-04
2.001467146328650415e-05,9.999799728393554688e-01
9.999637603759765625e-01,3.624641249189153314e-05
2.553930926296743564e-06,9.999974966049194336e-01
9.999991655349731445e-01,8.528633657078898977e-07
3.349244479977642186e-06,9.999966621398925781e-01
9.999965429306030273e-01,3.444154117460129783e-06
9.999889135360717773e-01,1.112902464228682220e-05
2.599999220365134533e-07,9.999997615814208984e-01
9.999988079071044922e-01,1.189414888358442113e-06
1.842638397420159890e-07,9.999997615814208984e-01
2.215518543380312622e-05,9.999778270721435547e-01
2.052338743396830978e-09,1.000000000000000000e+00
5.581633104156935588e-06,9.999943971633911133e-01
1.000000000000000000e+00,2.322143899391448940e-08
9.633458830649033189e-06,9.999903440475463867e-01
9.999998807907104492e-01,8.324009570515045198e-08
9.991644620895385742e-01,8.354961755685508251e-04
9.999791383743286133e-01,2.080579361063428223e-05
3.859038031350792153e-07,9.999996423721313477e-01
9.999490976333618164e-01,5.088046600576490164e-05
1.516723968641997544e-09,1.000000000000000000e+00
1.447497233186822996e-09,1.000000000000000000e+00
9.999264478683471680e-01,7.354804984061047435e-05
9.999995231628417969e-01,4.725077076273009880e-07
1.555335971126226013e-09,1.000000000000000000e+00
1.732967757561709732e-05,9.999827146530151367e-01
9.999997615814208984e-01,2.072287372811842943e-07
1.948775723576545715e-02,9.805122613906860352e-01
2.151115729986941005e-09,1.000000000000000000e+00
9.999998807907104492e-01,8.351362623670866014e-08
9.999976158142089844e-01,2.442688128212466836e-06
9.999971389770507812e-01,2.881198724935529754e-06
9.941733479499816895e-01,5.826604086905717850e-03
1.359818452328909189e-05,9.999864101409912109e-01
1.000000000000000000e+00,5.380156764545063197e-09
2.919629423558944836e-06,9.999971389770507812e-01
9.999971389770507812e-01,2.870091748263803311e-06
1.646855473518371582e-02,9.835314750671386719e-01
8.784946103901347669e-09,1.000000000000000000e+00
1.762364405522021116e-07,9.999998807907104492e-01
9.999325275421142578e-01,6.745663267793133855e-05
1.198656285339438909e-09,1.000000000000000000e+00
1.000000000000000000e+00,3.995134223444551935e-10
9.999742507934570312e-01,2.570196738815866411e-05
3.691700811714326846e-08,1.000000000000000000e+00
9.999990463256835938e-01,9.632296951167518273e-07
4.241083388478728011e-06,9.999957084655761719e-01
9.999992847442626953e-01,6.900457378833380062e-07
9.999997615814208984e-01,2.546281905324576655e-07
2.366151420574169606e-05,9.999763965606689453e-01
1.085407111411917924e-11,1.000000000000000000e+00
3.509910417864858800e-11,1.000000000000000000e+00
2.380053501838119701e-06,9.999976158142089844e-01
1.663047726196964504e-07,9.999998807907104492e-01
9.999991655349731445e-01,8.826702355690940749e-07
9.999996423721313477e-01,3.508671682084241183e-07
9.999858140945434570e-01,1.418031115463236347e-05
9.999990463256835938e-01,1.013067844723991584e-06
1.094086655939463526e-05,9.999890327453613281e-01
9.999952316284179688e-01,4.796827852260321379e-06
9.778000094229355454e-05,9.999022483825683594e-01
1.430841657565906644e-04,9.998569488525390625e-01
9.999998807907104492e-01,1.255886274975637207e-07
9.999659061431884766e-01,3.410352655919268727e-05
8.909404982659907546e-07,9.999991655349731445e-01
2.121319342407446129e-09,1.000000000000000000e+00
9.999998807907104492e-01,1.017846216200268827e-07
9.999991655349731445e-01,8.704205924914276693e-07
1.434420596524432767e-06,9.999985694885253906e-01
9.999997615814208984e-01,2.320309420156263513e-07
9.999995231628417969e-01,4.481098017095064279e-07
9.999998807907104492e-01,9.557021485306904651e-08
9.999984502792358398e-01,1.603947225703450385e-06
1.830909184263873613e-07,9.999997615814208984e-01
1.213202693861603620e-08,1.000000000000000000e+00
5.080531627754680812e-05,9.999492168426513672e-01
1.000000000000000000e+00,3.786194824328958930e-08
1.000000000000000000e+00,4.076438031574980414e-08
6.276422936934977770e-07,9.999994039535522461e-01
2.022566604864550754e-06,9.999979734420776367e-01
2.981045108754187822e-04,9.997019171714782715e-01
9.999994039535522461e-01,5.544626446862821467e-07
5.875055285287089646e-05,9.999412298202514648e-01
1.027520738716702908e-06,9.999989271163940430e-01
1.000000000000000000e+00,2.523429465384197101e-08
9.999976158142089844e-01,2.431775556033244357e-06
9.999997615814208984e-01,1.841143557612667792e-07
9.999825954437255859e-01,1.744079236232209951e-05
6.683849278488196433e-07,9.999992847442626953e-01
6.506736826850101352e-05,9.999349117279052734e-01
7.001627864156034775e-07,9.999992847442626953e-01
1.000000000000000000e+00,2.090604311888455413e-08
8.516025263816118240e-05,9.999148845672607422e-01
9.307772330657826387e-08,9.999998807907104492e-01
1.671925815571739804e-06,9.999983310699462891e-01
1.000000000000000000e+00,2.818103909951741315e-11
6.501046527773723938e-07,9.999994039535522461e-01
9.683210483446558214e-11,1.000000000000000000e+00
6.164899332361528650e-06,9.999938011169433594e-01
9.999997615814208984e-01,2.192387711374976789e-07
9.666312195122372941e-10,1.000000000000000000e+00
8.945562512963078916e-07,9.999990463256835938e-01
9.999992847442626953e-01,7.653633815607463475e-07
9.997130036354064941e-01,2.869399613700807095e-04
1.412412711943034083e-05,9.999859333038330078e-01
1.000000000000000000e+00,4.459926117306167725e-08
1.000000000000000000e+00,5.118228685319081706e-08
1.988067424463224597e-06,9.999979734420776367e-01
9.999998807907104492e-01,1.770200412920530653e-07
8.965635061031207442e-06,9.999910593032836914e-01
1.000000000000000000e+00,1.347177303046009911e-08
5.882118969680050213e-08,1.000000000000000000e+00
1.000000000000000000e+00,7.340979379932832671e-09
2.677987367860623635e-06,9.999973773956298828e-01
9.999989271163940430e-01,1.081609184439003002e-06
5.877969400103211228e-08,1.000000000000000000e+00
5.827623184018193569e-08,1.000000000000000000e+00
1.000000000000000000e+00,1.528667148420481681e-08
3.434093969190143980e-07,9.999996423721313477e-01
2.596871726174860423e-15,1.000000000000000000e+00
8.450450650343555026e-08,9.999998807907104492e-01
9.999737739562988281e-01,2.628417314554098994e-05
1.210480832014582120e-06,9.999988079071044922e-01
9.999998807907104492e-01,1.039163493032901897e-07
1.754655016839024029e-07,9.999998807907104492e-01
5.580397555604577065e-05,9.999442100524902344e-01
1.721728403936140239e-05,9.999828338623046875e-01
1.169836849612693186e-07,9.999998807907104492e-01
9.999985694885253906e-01,1.375231363454076927e-06
1.000000000000000000e+00,5.145881587509393285e-08
9.999996423721313477e-01,3.144157290080329403e-07
1.616732134834819590e-07,9.999998807907104492e-01
9.999984502792358398e-01,1.505744762653193902e-06
4.656833425542572513e-06,9.999953508377075195e-01
9.999994039535522461e-01,6.451943477259192150e-07
7.216988251457223669e-06,9.999927282333374023e-01
3.871301942126592621e-06,9.999961853027343750e-01
8.298588340949208941e-07,9.999991655349731445e-01
1.082062317436793819e-05,9.999891519546508789e-01
3.324141743116237890e-12,1.000000000000000000e+00
9.999997615814208984e-01,2.341250393556038034e-07
9.993786811828613281e-01,6.213149754330515862e-04
9.999874830245971680e-01,1.256225277757039294e-05
5.752857396146282554e-05,9.999424219131469727e-01
9.999982118606567383e-01,1.752689399836526718e-06
1.151456899606273510e-06,9.999988079071044922e-01
1.142754602057038937e-08,1.000000000000000000e+00
2.559356507845222950e-04,9.997441172599792480e-01
1.813302930031568394e-07,9.999997615814208984e-01
8.595252509735473723e-09,1.000000000000000000e+00
5.933908937549858820e-07,9.999994039535522461e-01
9.999959468841552734e-01,4.110239387955516577e-06
9.999998807907104492e-01,6.692626186577399494e-08
1.250575451194890775e-06,9.999988079071044922e-01
2.788946148939430714e-04,9.997211098670959473e-01
9.999476671218872070e-01,5.235481876297853887e-05
1.000000000000000000e+00,3.583171093168857624e-09
8.936857511798734777e-07,9.999991655349731445e-01
9.999982118606567383e-01,1.757116024236893281e-06
9.999835491180419922e-01,1.639300171518698335e-05
1.000000000000000000e+00,1.057474108279166103e-08
2.002583654459044737e-09,1.000000000000000000e+00
2.543318657899362734e-07,9.999997615814208984e-01
3.284818376414477825e-06,9.999966621398925781e-01
1.666335083427838981e-05,9.999833106994628906e-01
9.999996423721313477e-01,3.782008946018322604e-07
9.999998807907104492e-01,1.126638053960959951e-07
9.999998807907104492e-01,6.460736301505676238e-08
4.257629798485705524e-20,1.000000000000000000e+00
2.237648368463851511e-05,9.999775886535644531e-01
3.768607825804792810e-08,1.000000000000000000e+00
2.564943770266836509e-06,9.999973773956298828e-01
9.999984502792358398e-01,1.523023342997475993e-06
9.999994039535522461e-01,6.048591103535727598e-07
9.999935626983642578e-01,6.474839210568461567e-06
9.999990463256835938e-01,9.868350616670795716e-07
1.057979989127488807e-05,9.999893903732299805e-01
1.170862629074065353e-09,1.000000000000000000e+00
9.992417097091674805e-01,7.583462283946573734e-04
9.999992847442626953e-01,6.721127192577114329e-07
9.437233217113316641e-08,9.999998807907104492e-01
2.823995544076751685e-07,9.999997615814208984e-01
4.534682375378906727e-06,9.999954700469970703e-01
1.335215582543014534e-08,1.000000000000000000e+00
9.999995231628417969e-01,4.296626627819932764e-07
9.999990463256835938e-01,8.988483273242309224e-07
5.397562745201867074e-06,9.999946355819702148e-01
9.999997615814208984e-01,2.566681018834060524e-07
1.000000000000000000e+00,3.866550635223120480e-09
4.177504138169751968e-07,9.999995231628417969e-01
2.017904177087359585e-10,1.000000000000000000e+00
1.000000000000000000e+00,3.957680710930944201e-11
9.780117397895082831e-05,9.999022483825683594e-01
7.655159492969687562e-07,9.999992847442626953e-01
2.050078506954378099e-08,1.000000000000000000e+00
3.901958223195833853e-08,1.000000000000000000e+00
1.000000000000000000e+00,6.260417073633561813e-09
2.403231292191776447e-06,9.999976158142089844e-01
9.999886751174926758e-01,1.128269559558248147e-05
9.989627599716186523e-01,1.037196256220340729e-03
1.074245781637728214e-03,9.989257454872131348e-01
9.999995231628417969e-01,4.934927915201114956e-07
2.789095621125170510e-10,1.000000000000000000e+00
9.999992847442626953e-01,7.221134978863119613e-07
1.939288660213200899e-11,1.000000000000000000e+00
3.221740030312503222e-08,1.000000000000000000e+00
9.999989271163940430e-01,1.040515599015634507e-06
9.914462140159230330e-08,9.999998807907104492e-01
9.999008178710937500e-01,9.919330477714538574e-05
9.999922513961791992e-01,7.761398592265322804e-06
9.742744850882445462e-07,9.999990463256835938e-01
1.037284528138116002e-05,9.999896287918090820e-01
4.729387001134455204e-06,9.999952316284179688e-01
9.999964237213134766e-01,3.551656618583365344e-06
1.000000000000000000e+00,5.552656556773172269e-09
9.999988079071044922e-01,1.133867840508173686e-06
3.072306498097532312e-08,1.000000000000000000e+00
5.858549343429331202e-07,9.999994039535522461e-01
5.481323395173376412e-09,1.000000000000000000e+00
5.333680519470362924e-07,9.999995231628417969e-01
4.550010635284706950e-05,9.999544620513916016e-01
1.000000000000000000e+00,2.112377117668984283e-08
9.999717473983764648e-01,2.820301961037330329e-05
9.999897480010986328e-01,1.021136813506018370e-05
9.999995231628417969e-01,5.274472982819133904e-07
6.798577345534795313e-08,9.999998807907104492e-01
9.999980926513671875e-01,1.909025513668893836e-06
9.999890327453613281e-01,1.098926168197067454e-05
1.000000000000000000e+00,5.600512764658560627e-08
9.999995231628417969e-01,5.302641739035607316e-07
3.496150258186503379e-09,1.000000000000000000e+00
9.999996423721313477e-01,3.786903164382238174e-07
5.192432039891059503e-10,1.000000000000000000e+00
7.807602742104791105e-07,9.999991655349731445e-01
9.999998807907104492e-01,6.637846183821238810e-08
4.695568378565440071e-08,1.000000000000000000e+00
9.999990463256835938e-01,9.333262482869031373e-07
3.268146286927731126e-08,1.000000000000000000e+00
9.999133348464965820e-01,8.667997462907806039e-05
9.999990463256835938e-01,9.341971463072695769e-07
4.109899265358762932e-08,1.000000000000000000e+00
9.999641180038452148e-01,3.583173020160757005e-05
1.000000000000000000e+00,2.752511818471248262e-08
1.311226969846757129e-05,9.999868869781494141e-01
9.999997615814208984e-01,1.938674500934212119e-07
9.999979734420776367e-01,2.085295591314206831e-06
1.044654283077761647e-07,9.999998807907104492e-01
6.198156370373908430e-07,9.999994039535522461e-01
9.999995231628417969e-01,4.894544645139831118e-07
1.000000000000000000e+00,1.479166455986558049e-09
5.315812813933007419e-06,9.999946355819702148e-01
9.120658432948403060e-07,9.999990463256835938e-01
9.998987913131713867e-01,1.011592539725825191e-04
9.608243703842163086e-01,3.917559981346130371e-02
9.999996423721313477e-01,3.816451226157369092e-07
1.000000000000000000e+00,5.164307737004492083e-08
9.999998807907104492e-01,8.441735843689457397e-08
1.622213403607020155e-07,9.999998807907104492e-01
2.000914828386157751e-04,9.997999072074890137e-01
9.999997615814208984e-01,2.552756654949916992e-07
9.999961853027343750e-01,3.854488113574916497e-06
9.856817584363852802e-09,1.000000000000000000e+00
6.115868472988950089e-06,9.999939203262329102e-01
1.212610914458345235e-11,1.000000000000000000e+00
9.999989271163940430e-01,1.098580241887248121e-06
9.999994039535522461e-01,6.120957891653233673e-07
1.507186334492871538e-05,9.999849796295166016e-01
1.022629003699648820e-08,1.000000000000000000e+00
9.999948740005493164e-01,5.071959549241000786e-06
9.999788999557495117e-01,2.110688546963501722e-05
9.999254941940307617e-01,7.450583507306873798e-05
9.999998807907104492e-01,1.608110125062012230e-07
9.999887943267822266e-01,1.121449167840182781e-05
1.342664381809299812e-05,9.999865293502807617e-01
1.000000000000000000e+00,3.045190055672719609e-08
2.717636234592646360e-04,9.997282624244689941e-01
1.347636953141773120e-06,9.999986886978149414e-01
9.999976158142089844e-01,2.418354824840207584e-06
9.999998807907104492e-01,1.277833376889248029e-07
1.183256301828805590e-07,9.999998807907104492e-01
4.304339017835445702e-05,9.999569654464721680e-01
9.999828338623046875e-01,1.712027005851268768e-05
5.950768766638248053e-10,1.000000000000000000e+00
9.988933205604553223e-01,1.106713665649294853e-03
9.999991655349731445e-01,7.921287306089652702e-07
9.999980926513671875e-01,1.866317006715689786e-06
1.575763349137559999e-06,9.999984502792358398e-01
1.000000000000000000e+00,8.278880692103030015e-09
1.653315990779447020e-07,9.999998807907104492e-01
3.410750082366575953e-08,1.000000000000000000e+00
2.602888460323526942e-10,1.000000000000000000e+00
9.999986886978149414e-01,1.300719986829790287e-06
9.998129010200500488e-01,1.871453277999535203e-04
1.000000000000000000e+00,4.796827468567244068e-08
2.022731496253982186e-05,9.999797344207763672e-01
9.999998807907104492e-01,1.266362943397325580e-07
3.873830792144872248e-05,9.999612569808959961e-01
5.164610411156900227e-05,9.999483823776245117e-01
2.443650373606942594e-06,9.999976158142089844e-01
2.243941025881213136e-06,9.999977350234985352e-01
3.463688103694240183e-12,1.000000000000000000e+00
9.999998807907104492e-01,6.049952361308896798e-08
9.998930692672729492e-01,1.068950004992075264e-04
9.999998807907104492e-01,1.655553347745808423e-07
1.434676164535630960e-07,9.999998807907104492e-01
1.000000000000000000e+00,1.180100461795063893e-08
9.999204874038696289e-01,7.952408486744388938e-05
9.999998807907104492e-01,7.327343354290860589e-08
4.773462691787244694e-08,1.000000000000000000e+00
5.511870404006913304e-05,9.999449253082275391e-01
9.999994039535522461e-01,5.733603529733954929e-07
9.999995231628417969e-01,4.179552490768401185e-07
2.019978495582108735e-07,9.999997615814208984e-01
7.615017239004373550e-05,9.999238252639770508e-01
9.999998807907104492e-01,1.176483692688634619e-07
9.999997615814208984e-01,2.144259951819549315e-07
9.999998807907104492e-01,7.696996817685430869e-08
1.000000000000000000e+00,2.241504315492193200e-09
9.995965361595153809e-01,4.034911980852484703e-04
1.255692477570846677e-04,9.998744726181030273e-01
6.183330469866632484e-08,9.999998807907104492e-01
2.369315299510788009e-10,1.000000000000000000e+00
9.998499155044555664e-01,1.500880753155797720e-04
5.286843851592948340e-09,1.000000000000000000e+00
9.999989271163940430e-01,1.093288574338657781e-06
9.999997615814208984e-01,1.801353306518649333e-07
9.999983310699462891e-01,1.700043753771751653e-06
9.144941373051551636e-07,9.999990463256835938e-01
2.788641495499177836e-06,9.999972581863403320e-01
9.999953508377075195e-01,4.612264092429541051e-06
3.346626499478588812e-06,9.999966621398925781e-01
3.801687853410840034e-08,1.000000000000000000e+00
1.633586919069784926e-07,9.999998807907104492e-01
9.999979734420776367e-01,2.036333398791612126e-06
8.928492981844643461e-14,1.000000000000000000e+00
5.042454631620785221e-07,9.999995231628417969e-01
9.999986886978149414e-01,1.296187747357180342e-06
9.999998807907104492e-01,1.520087806738956715e-07
9.999985694885253906e-01,1.391694240737706423e-06
3.473169272183440626e-07,9.999996423721313477e-01
9.999954700469970703e-01,4.563045422401046380e-06
7.427355740219354630e-06,9.999926090240478516e-01
8.423641162380590686e-08,9.999998807907104492e-01
3.182283080604975112e-06,9.999967813491821289e-01
1.723554851196240634e-05,9.999827146530151367e-01
9.999998807907104492e-01,1.292773958994075656e-07
1.000000000000000000e+00,3.832731021446988962e-09
1.782399010608060053e-07,9.999998807907104492e-01
9.114336876336892601e-07,9.999990463256835938e-01
9.999982118606567383e-01,1.837252966652158648e-06
4.299682387909342651e-09,1.000000000000000000e+00
9.999998807907104492e-01,1.201833725872347713e-07
9.999998807907104492e-01,1.657679860045391251e-07
9.999991655349731445e-01,8.316501407534815371e-07
1.195328241010429338e-05,9.999880790710449219e-01
4.398029052055107968e-09,1.000000000000000000e+00
9.999924898147583008e-01,7.558621291536837816e-06
3.477362042758613825e-07,9.999996423721313477e-01
9.999998807907104492e-01,1.787984871270964504e-07
2.522153152995088021e-09,1.000000000000000000e+00
1.000000000000000000e+00,1.764287382854945463e-08
9.999247789382934570e-01,7.522524538217112422e-05
3.639051726622710703e-07,9.999996423721313477e-01
4.948585683450801298e-07,9.999995231628417969e-01
5.394562776928069070e-06,9.999946355819702148e-01
9.999946355819702148e-01,5.341659289115341380e-06
4.447133505891542882e-08,1.000000000000000000e+00
1.284835161641240120e-04,9.998714923858642578e-01
2.743017466855235398e-05,9.999725818634033203e-01
3.660499103830261447e-08,1.000000000000000000e+00
9.999758005142211914e-01,2.422374927846249193e-05
6.866662829452252481e-07,9.999992847442626953e-01
7.615360009260996321e-10,1.000000000000000000e+00
9.999941587448120117e-01,5.835725914948852733e-06
9.999974966049194336e-01,2.445100108161568642e-06
9.999992847442626953e-01,7.619950110893114470e-07
4.026660008094040677e-06,9.999959468841552734e-01
3.265750170289294374e-10,1.000000000000000000e+00
8.863719358487287536e-08,9.999998807907104492e-01
3.826188432753951929e-08,1.000000000000000000e+00
1.314109977101907134e-05,9.999868869781494141e-01
9.999998807907104492e-01,7.223078313245423487e-08
9.999803304672241211e-01,1.964285729627590626e-05
9.999543428421020508e-01,4.570515739032998681e-05
9.343290230390266515e-07,9.999990463256835938e-01
9.999977350234985352e-01,2.235376086900942028e-06
9.999947547912597656e-01,5.223113475949503481e-06
9.999998807907104492e-01,1.168765209058619803e-07
2.408742830084520392e-06,9.999976158142089844e-01
4.452580469660460949e-04,9.995546936988830566e-01
9.997261166572570801e-01,2.738600014708936214e-04
9.998866319656372070e-01,1.133901896537281573e-04
6.187330114926226088e-08,9.999998807907104492e-01
4.721324785350589082e-06,9.999952316284179688e-01
5.457469887915067375e-05,9.999454021453857422e-01
1.000000000000000000e+00,3.298871220636101498e-08
9.999995231628417969e-01,4.601086800448683789e-07
1.300139329529770293e-09,1.000000000000000000e+00
9.977605342864990234e-01,2.239423803985118866e-03
1.000000000000000000e+00,8.564281922529559665e-11
9.999998807907104492e-01,1.423992159743647790e-07
1.863452183670233353e-07,9.999997615814208984e-01
9.999990463256835938e-01,9.390187756252998952e-07
1.000000000000000000e+00,4.062265190896141576e-08
5.944705208094092086e-07,9.999994039535522461e-01
6.206531399932657678e-10,1.000000000000000000e+00
9.999998807907104492e-01,1.759126888600803795e-07
9.999989271163940430e-01,1.099633664125576615e-06
8.000326943147229031e-07,9.999991655349731445e-01
3.055012202821671963e-04,9.996944665908813477e-01
3.852074144106154563e-07,9.999996423721313477e-01
1.710012111288961023e-05,9.999829530715942383e-01
9.999482631683349609e-01,5.177505954634398222e-05
1.672276653152948711e-06,9.999983310699462891e-01
1.000000000000000000e+00,8.643421978149490315e-09
9.999998807907104492e-01,1.346109428368436056e-07
9.998637437820434570e-01,1.361955946777015924e-04
9.999995231628417969e-01,5.244824023975525051e-07
2.004157950707963209e-09,1.000000000000000000e+00
9.999991655349731445e-01,8.286891670650220476e-07
9.999998807907104492e-01,1.145782206890544330e-07
1.333998511654499453e-06,9.999986886978149414e-01
6.361454918391018509e-09,1.000000000000000000e+00
5.459484327730024233e-06,9.999945163726806641e-01
5.218618316575884819e-04,9.994781613349914551e-01
9.999954700469970703e-01,4.559569333650870249e-06
9.999990463256835938e-01,9.026150564750423655e-07
9.999979734420776367e-01,2.007293915085028857e-06
9.999997615814208984e-01,2.623771990784007357e-07
9.999971389770507812e-01,2.884643436118494719e-06
4.378998899601249661e-11,1.000000000000000000e+00
9.999958276748657227e-01,4.146147603023564443e-06
3.081570321228355169e-04,9.996918439865112305e-01
4.839016014557273593e-07,9.999995231628417969e-01
9.999998807907104492e-01,6.194261459313565865e-08
9.999891519546508789e-01,1.087483178707771003e-05
3.286930450485670008e-06,9.999966621398925781e-01
9.999738931655883789e-01,2.616335768834687769e-05
9.999992847442626953e-01,6.820675935159670189e-07
1.046699726892086346e-09,1.000000000000000000e+00
6.224818349664928974e-08,9.999998807907104492e-01
1.040154540277171691e-08,1.000000000000000000e+00
9.999986886978149414e-01,1.276424541174492333e-06
9.999992847442626953e-01,7.699462685195612721e-07
3.364816876271781718e-18,1.000000000000000000e+00
9.999996423721313477e-01,4.107897382255032426e-07
1.777700707993046247e-12,1.000000000000000000e+00
9.999955892562866211e-01,4.359909780760062858e-06
1.000000000000000000e+00,8.927437239979185701e-14
1.316416842200851534e-08,1.000000000000000000e+00
9.999924898147583008e-01,7.525463388446951285e-06
2.997252863679022994e-07,9.999996423721313477e-01
9.999965429306030273e-01,3.471060836091055535e-06
9.999990463256835938e-01,9.296361440647160634e-07
9.999998807907104492e-01,1.715460626883213990e-07
2.770207356661558151e-05,9.999723434448242188e-01
9.999988079071044922e-01,1.248623334504372906e-06
2.686344480196112272e-09,1.000000000000000000e+00
9.999985694885253906e-01,1.408590605933568440e-06
2.768899094007792883e-06,9.999972581863403320e-01
1.147343937191180885e-05,9.999885559082031250e-01
4.513802309702441562e-07,9.999995231628417969e-01
9.999980926513671875e-01,1.857295387708290946e-06
9.999490976333618164e-01,5.095748201711103320e-05
9.999991655349731445e-01,8.522803796040534507e-07
1.407332348435375025e-07,9.999998807907104492e-01
1.000000000000000000e+00,2.618735228665514114e-09
9.999989271163940430e-01,1.087282839762337971e-06
9.988076686859130859e-01,1.192397787235677242e-03
6.585838718820014037e-08,9.999998807907104492e-01
9.999998807907104492e-01,7.065762019919930026e-08
9.999995231628417969e-01,4.200322791803046130e-07
6.995004575571783789e-11,1.000000000000000000e+00
8.813599805534977349e-08,9.999998807907104492e-01
1.648095171447039320e-08,1.000000000000000000e+00
1.000000000000000000e+00,7.041481286940154405e-11
1.000000000000000000e+00,2.198794341046195200e-10
2.540170271458919160e-06,9.999974966049194336e-01
9.999989271163940430e-01,1.046273041538370308e-06
9.999976158142089844e-01,2.386506139373523183e-06
9.999855756759643555e-01,1.437102764612063766e-05
2.080157173622865230e-06,9.999979734420776367e-01
4.245638081101787975e-07,9.999995231628417969e-01
8.787397121068352135e-08,9.999998807907104492e-01
2.375394458908886008e-08,1.000000000000000000e+00
2.348630232518189587e-07,9.999997615814208984e-01
1.179382546484530891e-12,1.000000000000000000e+00
9.999998807907104492e-01,7.203720286952375318e-08
1.000000000000000000e+00,3.582265387103156229e-11
1.000000000000000000e+00,1.175562491795290043e-08
9.999996423721313477e-01,3.887343211772531504e-07
1.000000000000000000e+00,1.801622495634092047e-08
9.999992847442626953e-01,7.104939072632987518e-07
9.999990463256835938e-01,9.129656746154068969e-07
9.999998807907104492e-01,9.058957317620297545e-08
9.999918937683105469e-01,8.135641110129654408e-06
5.108962852773402119e-08,1.000000000000000000e+00
9.999989271163940430e-01,1.018896568893978838e-06
9.999997615814208984e-01,2.352160493046540068e-07
2.173371029812187771e-07,9.999997615814208984e-01
9.999930858612060547e-01,6.925965863047167659e-06
9.999997615814208984e-01,2.771853075955732493e-07
4.208919790471554734e-07,9.999995231628417969e-01
9.999979734420776367e-01,2.013300445469212718e-06
3.173167215209105052e-06,9.999967813491821289e-01
9.999997615814208984e-01,1.887965908053956809e-07
5.184476208341948222e-07,9.999995231628417969e-01
9.999290704727172852e-01,7.088611164363101125e-05
9.999974966049194336e-01,2.452337184877251275e-06
9.999979734420776367e-01,2.073884161291061901e-06
2.866023169190157205e-05,9.999713897705078125e-01
3.516083535437530827e-10,1.000000000000000000e+00
5.391798651999124559e-08,1.000000000000000000e+00
1.842984602262731642e-05,9.999815225601196289e-01
1.960617446172818745e-08,1.000000000000000000e+00
9.999998807907104492e-01,1.539109604209443205e-07
5.120772925693017896e-07,9.999995231628417969e-01
1.073712448704071398e-13,1.000000000000000000e+00
9.999974966049194336e-01,2.476223698977264576e-06
9.997933506965637207e-01,2.066798770101740956e-04
3.230298261769348755e-06,9.999967813491821289e-01
9.999998807907104492e-01,1.117503813929943135e-07
1.000000000000000000e+00,4.814141618680878310e-08
2.601016149128554389e-06,9.999973773956298828e-01
3.627719343057833612e-05,9.999637603759765625e-01
5.008751031709834933e-06,9.999949932098388672e-01
9.999884366989135742e-01,1.158679424406727776e-05
2.083634598193384591e-07,9.999997615814208984e-01
4.345420893514528871e-05,9.999564886093139648e-01
9.999997615814208984e-01,1.858683305044905865e-07
8.388734045183809940e-07,9.999991655349731445e-01
9.999996423721313477e-01,3.953703640036110301e-07
6.745310201949905604e-06,9.999932050704956055e-01
1.000000000000000000e+00,2.592841052972971738e-09
9.999998807907104492e-01,7.291402681630643201e-08
9.999998807907104492e-01,8.020466424341066158e-08
9.999749660491943359e-01,2.508948637114372104e-05
6.311774995992891490e-06,9.999936819076538086e-01
9.999998807907104492e-01,6.285821285700876615e-08
8.573317245463840663e-06,9.999914169311523438e-01
9.992085099220275879e-01,7.914889138191938400e-04
1.882425975054502487e-03,9.981175661087036133e-01
9.999969005584716797e-01,3.058014726775581948e-06
1.790340138541068882e-05,9.999821186065673828e-01
9.999984502792358398e-01,1.562576358082878869e-06
9.999951124191284180e-01,4.877666469838004559e-06
5.128323010694657569e-08,1.000000000000000000e+00
3.715419527594576721e-09,1.000000000000000000e+00
7.564554017902569427e-12,1.000000000000000000e+00
9.999057054519653320e-01,9.426231554243713617e-05
9.999825954437255859e-01,1.738975697662681341e-05
1.525522069778517675e-11,1.000000000000000000e+00
1.347536363027757034e-05,9.999865293502807617e-01
9.999990463256835938e-01,8.956608894550299738e-07
7.520525313609027762e-10,1.000000000000000000e+00
9.999965429306030273e-01,3.405983079574070871e-06
9.999949932098388672e-01,5.031194177718134597e-06
9.999990463256835938e-01,9.497633186583698262e-07
9.999998807907104492e-01,1.575734671632744721e-07
6.137488295365756130e-10,1.000000000000000000e+00
9.999994039535522461e-01,5.794991011498495936e-07
7.699478743461440899e-08,9.999998807907104492e-01
1.000000000000000000e+00,6.949663511335302246e-09
9.999992847442626953e-01,7.141704259083780926e-07
2.960559531903217412e-12,1.000000000000000000e+00
9.999983310699462891e-01,1.701753490124247037e-06
4.324660629606569273e-09,1.000000000000000000e+00
9.999852180480957031e-01,1.480013906984822825e-05
6.443593036919992301e-08,9.999998807907104492e-01
7.962530798977240920e-05,9.999203681945800781e-01
9.999992847442626953e-01,6.794000455556670204e-07
9.999945163726806641e-01,5.444177531899185851e-06
9.999978542327880859e-01,2.133718908226001076e-06
9.989609718322753906e-01,1.038985210470855236e-03
3.183865615596914722e-08,1.000000000000000000e+00
7.145608265091141220e-07,9.999992847442626953e-01
9.010187568492256105e-06,9.999909400939941406e-01
3.113956481683999300e-04,9.996886253356933594e-01
9.989399313926696777e-01,1.060054404661059380e-03
9.999997615814208984e-01,2.674513552847201936e-07
9.999992847442626953e-01,7.313980177059420384e-07
2.805933263516635634e-06,9.999971389770507812e-01
2.170795232814271003e-05,9.999783039093017578e-01
2.022956323344260454e-06,9.999979734420776367e-01
1.235481067851651460e-05,9.999876022338867188e-01
3.798864278703462105e-10,1.000000000000000000e+00
9.999929666519165039e-01,7.015282335487427190e-06
9.999980926513671875e-01,1.926068989632767625e-06
1.222599088634979125e-08,1.000000000000000000e+00
9.999928474426269531e-01,7.194209047156618908e-06
4.832088961848057806e-06,9.999951124191284180e-01
9.999995231628417969e-01,5.122770403431786690e-07
6.740121079928940162e-06,9.999932050704956055e-01
9.999983310699462891e-01,1.703585098766779993e-06
9.999990463256835938e-01,1.003648549158242531e-06
9.553027666697744280e-07,9.999990463256835938e-01
9.999995231628417969e-01,5.056757572674541734e-07
8.836473170958925039e-06,9.999911785125732422e-01
9.999965429306030273e-01,3.505331278574885800e-06
1.997617306187748909e-03,9.980023503303527832e-01
9.999935626983642578e-01,6.464264060923596844e-06
3.726038144691301568e-08,1.000000000000000000e+00
9.999716281890869141e-01,2.838179716491140425e-05
9.999995231628417969e-01,4.977006824447016697e-07
1.000000000000000000e+00,2.327385217881783319e-08
2.466485057084355503e-06,9.999974966049194336e-01
3.341872556461567001e-08,1.000000000000000000e+00
7.615063168486813083e-06,9.999923706054687500e-01
9.999989271163940430e-01,1.083287656911124941e-06
9.999941587448120117e-01,5.787154350400669500e-06
5.013951565047136683e-08,1.000000000000000000e+00
3.559924230400746126e-11,1.000000000000000000e+00
2.020053943851962686e-05,9.999798536300659180e-01
9.999998807907104492e-01,8.688549968383085798e-08
9.979063272476196289e-01,2.093697898089885712e-03
3.009477404702920467e-05,9.999699592590332031e-01
9.999824762344360352e-01,1.757377685862593353e-05
1.790828735304117458e-10,1.000000000000000000e+00
4.892837750958278775e-05,9.999511241912841797e-01
2.241749316453933716e-04,9.997758269309997559e-01
1.000000000000000000e+00,3.170956830444993102e-08
1.241530175320804119e-03,9.987584352493286133e-01
1.562634565743792336e-06,9.999984502792358398e-01
9.999220371246337891e-01,7.799633021932095289e-05
7.682590484619140625e-01,2.317410111427307129e-01
9.999997615814208984e-01,1.878730273574547027e-07
9.999924898147583008e-01,7.489506970159709454e-06
3.317177834105677903e-05,9.999668598175048828e-01
9.999982118606567383e-01,1.744307041917636525e-06
1.277812498301500455e-05,9.999872446060180664e-01
9.986623525619506836e-01,1.337606692686676979e-03
9.995532631874084473e-01,4.467237449716776609e-04
9.999945163726806641e-01,5.496052381204208359e-06
1.082952258002478629e-05,9.999891519546508789e-01
3.152707449771696702e-06,9.999969005584716797e-01
3.602058029628096847e-08,1.000000000000000000e+00
9.999800920486450195e-01,1.992888610402587801e-05
1.000000000000000000e+00,3.443497265109840555e-09
7.737652651940152282e-08,9.999998807907104492e-01
5.073055945103988051e-05,9.999492168426513672e-01
7.738158456049859524e-05,9.999226331710815430e-01
9.999988079071044922e-01,1.194502829093835317e-06
3.910276063834317029e-06,9.999960660934448242e-01
1.000000000000000000e+00,7.324196804603388955e-09
9.959378076018765569e-06,9.999899864196777344e-01
1.239027333213016391e-04,9.998760223388671875e-01
9.999996423721313477e-01,3.389750986571016256e-07
3.206340792871742451e-08,1.000000000000000000e+00
1.000000000000000000e+00,8.054834133019994624e-09
9.999998807907104492e-01,1.188325953194180329e-07
9.999994039535522461e-01,5.876982527297514025e-07
9.999973773956298828e-01,2.587705012047081254e-06
8.815750334179028869e-06,9.999911785125732422e-01
6.936740646779071540e-06,9.999930858612060547e-01
7.076564088492887095e-06,9.999929666519165039e-01
1.932209059418710240e-09,1.000000000000000000e+00
1.561966996632691007e-06,9.999984502792358398e-01
1.000000000000000000e+00,3.670592940707706475e-09
3.494665026664733887e-01,6.505335569381713867e-01
2.206722082625720005e-14,1.000000000000000000e+00
9.999743700027465820e-01,2.561849760240875185e-05
1.394270043419965077e-06,9.999985694885253906e-01
9.999988079071044922e-01,1.211015387525549158e-06
9.999992847442626953e-01,7.200429195108881686e-07
1.584761122330746730e-08,1.000000000000000000e+00
9.999418258666992188e-01,5.811964001622982323e-05
1.293329610074778202e-10,1.000000000000000000e+00
9.999997615814208984e-01,2.217198868947889423e-07
1.450215023623968591e-07,9.999998807907104492e-01
9.999995231628417969e-01,5.222308914198947605e-07
2.494776385475461211e-09,1.000000000000000000e+00
9.999995231628417969e-01,5.297263783177186269e-07
9.999983310699462891e-01,1.722976207929605152e-06
1.000000000000000000e+00,1.820246708916783973e-08
9.999982118606567383e-01,1.784538198990048841e-06
3.348005338921211660e-05,9.999665021896362305e-01
1.004940841653478856e-07,9.999998807907104492e-01
9.999972581863403320e-01,2.743889581324765459e-06
9.999998807907104492e-01,9.384210386542690685e-08
9.999998807907104492e-01,6.354424186838514288e-08
5.751695134676992893e-04,9.994248151779174805e-01
9.999994039535522461e-01,5.803618705613189377e-07
9.999942779541015625e-01,5.701118425349704921e-06
9.999995231628417969e-01,4.945094360664370470e-07
3.367505598816933343e-07,9.999996423721313477e-01
3.601646199058450293e-07,9.999996423721313477e-01
9.999992847442626953e-01,7.048061547720863018e-07
8.919908577809110284e-05,9.999108314514160156e-01
9.999964237213134766e-01,3.611177135098841973e-06
2.435426040392485447e-06,9.999976158142089844e-01
4.890206619165837765e-04,9.995110034942626953e-01
2.318356422392753302e-07,9.999997615814208984e-01
9.999943971633911133e-01,5.639198661810951307e-06
4.072049923706799746e-04,9.995928406715393066e-01
9.999519586563110352e-01,4.799926682608202100e-05
6.075873137945109193e-10,1.000000000000000000e+00
9.999996423721313477e-01,3.067078750973450951e-07
1.910478708566643036e-08,1.000000000000000000e+00
3.801919845614065707e-08,1.000000000000000000e+00
1.000000000000000000e+00,2.764870110638639744e-09
2.867429349517891524e-10,1.000000000000000000e+00
9.999994039535522461e-01,5.760365979767811950e-07
9.999655485153198242e-01,3.449643554631620646e-05
9.999988079071044922e-01,1.238620598087436520e-06
8.250450264313258231e-06,9.999917745590209961e-01
3.143449589515512343e-07,9.999996423721313477e-01
1.646848249947652221e-05,9.999835491180419922e-01
1.157299500675890158e-08,1.000000000000000000e+00
9.999891519546508789e-01,1.086117117665708065e-05
9.999885559082031250e-01,1.144501402450259775e-05
1.000000000000000000e+00,2.123064923864603770e-08
9.999936819076538086e-01,6.316513918136479333e-06
9.999960660934448242e-01,3.970547822973458096e-06
9.999989271163940430e-01,1.044050350174074993e-06
2.526699560689849022e-08,1.000000000000000000e+00
9.999997615814208984e-01,2.330677517647927743e-07
9.999996423721313477e-01,4.059570528625044972e-07
9.999990463256835938e-01,9.424387030776415486e-07
9.999998807907104492e-01,7.379475874813579139e-08
3.644640173661173321e-06,9.999963045120239258e-01
1.000000000000000000e+00,1.311587283225890133e-08
9.999983310699462891e-01,1.633370175113668665e-06
1.557362026005648659e-07,9.999998807907104492e-01
9.850441573533430528e-10,1.000000000000000000e+00
4.439177700987784192e-06,9.999955892562866211e-01
9.999989271163940430e-01,1.024798166326945648e-06
9.999998807907104492e-01,1.338035815479088342e-07
9.999984502792358398e-01,1.577627699589356780e-06
2.406429965049028397e-03,9.975935816764831543e-01
7.031684508547186852e-04,9.992967844009399414e-01
9.999986886978149414e-01,1.301692805100174155e-06
2.367618989751463232e-08,1.000000000000000000e+00
5.048645471106283367e-05,9.999494552612304688e-01
9.999971389770507812e-01,2.895494617405347526e-06
9.999986886978149414e-01,1.355207359665655531e-06
9.999988079071044922e-01,1.205066041620739270e-06
9.999914169311523438e-01,8.615791557531338185e-06
9.999970197677612305e-01,2.983221975227934308e-06
2.597060520201921463e-03,9.974029660224914551e-01
9.999997615814208984e-01,2.035192494531656848e-07
9.999995231628417969e-01,4.982881591786281206e-07
2.438347000861540437e-04,9.997561573982238770e-01
8.383153726754244417e-08,9.999998807907104492e-01
2.456370218339998246e-09,1.000000000000000000e+00
2.749969141291330743e-10,1.000000000000000000e+00
1.000000000000000000e+00,1.924331138880575054e-09
2.823325075951288454e-07,9.999997615814208984e-01
9.999969005584716797e-01,3.101876245636958629e-06
9.999985694885253906e-01,1.382490040668926667e-06
3.379649133421480656e-04,9.996620416641235352e-01
2.570600372564513236e-07,9.999997615814208984e-01
1.690602766757365316e-05,9.999830722808837891e-01
1.041862997226417065e-04,9.998958110809326172e-01
1.542836400858504931e-07,9.999998807907104492e-01
1.000000000000000000e+00,5.035236938510934124e-08
1.000000000000000000e+00,1.402422557424121141e-12
9.990923404693603516e-01,9.076815913431346416e-04
2.978605380121734925e-06,9.999970197677612305e-01
9.950188398361206055e-01,4.981137346476316452e-03
3.600764163832342879e-13,1.000000000000000000e+00
1.000000000000000000e+00,2.765114359704057279e-08
9.999988079071044922e-01,1.176681735159945674e-06
2.240189616031784681e-07,9.999997615814208984e-01
3.359507949607376531e-10,1.000000000000000000e+00
2.047171960839477833e-07,9.999997615814208984e-01
1.747333840285136830e-06,9.999982118606567383e-01
1.949800935108214617e-05,9.999804496765136719e-01
9.999997615814208984e-01,2.179789220235761604e-07
5.577508233045591624e-08,1.000000000000000000e+00
1.000000000000000000e+00,3.002818660391426420e-09
9.999998807907104492e-01,7.472632290728142834e-08
6.623087495105650646e-12,1.000000000000000000e+00
9.999997615814208984e-01,2.729040602389432024e-07
3.599420233513228595e-05,9.999639987945556641e-01
1.000000000000000000e+00,5.194975005728963424e-11
1.032807085721287876e-05,9.999896287918090820e-01
7.441539651154016610e-07,9.999992847442626953e-01
2.826915351111791708e-12,1.000000000000000000e+00
1.853276416659355164e-02,9.814671874046325684e-01
5.399620306434371741e-08,1.000000000000000000e+00
6.179540212869483184e-10,1.000000000000000000e+00
9.999294281005859375e-01,7.052470755297690630e-05
3.591716904338682070e-06,9.999964237213134766e-01
9.999998807907104492e-01,1.285057038558079512e-07
9.999989271163940430e-01,1.103038812289014459e-06
1.000000000000000000e+00,4.034565570520953770e-09
1.000000000000000000e+00,2.834889212266489267e-09
1.097225421631264908e-08,1.000000000000000000e+00
9.999998807907104492e-01,8.493562830835799105e-08
9.999996423721313477e-01,3.609069665344577515e-07
2.230923996648925822e-07,9.999997615814208984e-01
9.999996423721313477e-01,3.557079821803199593e-07
9.999955892562866211e-01,4.425136012287111953e-06
2.231498558662560819e-15,1.000000000000000000e+00
1.184515667773666792e-06,9.999988079071044922e-01
2.607963622835995920e-09,1.000000000000000000e+00
9.999997615814208984e-01,2.115006196845570230e-07
9.999998807907104492e-01,9.932708167070813943e-08
6.774332830805640526e-12,1.000000000000000000e+00
1.000000000000000000e+00,2.985841782154885493e-11
8.664946093972503149e-09,1.000000000000000000e+00
1.000000000000000000e+00,2.132129583998221278e-09
9.999991655349731445e-01,8.578417123317194637e-07
4.854870638837383012e-08,1.000000000000000000e+00
9.999998807907104492e-01,1.238237530287733534e-07
4.292678283945861040e-07,9.999995231628417969e-01
8.542385330656543374e-06,9.999914169311523438e-01
1.083264214685186744e-05,9.999891519546508789e-01
8.031118454709940124e-07,9.999991655349731445e-01
9.999990463256835938e-01,9.462066827836679295e-07
2.001657267101109028e-04,9.997999072074890137e-01
9.999988079071044922e-01,1.160697024715773296e-06
9.532315016258507967e-05,9.999046325683593750e-01
1.194343326460511889e-06,9.999988079071044922e-01
1.124517439166083932e-06,9.999989271163940430e-01
9.999998807907104492e-01,1.208948248176966445e-07
7.207880668193278328e-13,1.000000000000000000e+00
9.999924898147583008e-01,7.526626177423167974e-06
1.784606666888066684e-07,9.999998807907104492e-01
9.999985694885253906e-01,1.379546461066638585e-06
3.229582400121611130e-13,1.000000000000000000e+00
5.432891612144885585e-06,9.999945163726806641e-01
1.000000000000000000e+00,3.174079310497290862e-08
9.999980926513671875e-01,1.915923348860815167e-06
9.053997928276658058e-06,9.999909400939941406e-01
9.999998807907104492e-01,1.597797592012284440e-07
9.999996423721313477e-01,3.919300866073172074e-07
9.999998807907104492e-01,6.108775352231532452e-08
8.362822700291872025e-05,9.999163150787353516e-01
1.853943649621214718e-05,9.999814033508300781e-01
9.999501705169677734e-01,4.980436278856359422e-05
5.106934113427996635e-04,9.994893074035644531e-01
1.000000000000000000e+00,2.558429912369319936e-08
1.518774261910493806e-08,1.000000000000000000e+00
8.145151696226093918e-06,9.999918937683105469e-01
9.999998807907104492e-01,1.165017167181758850e-07
4.632064189991069725e-07,9.999995231628417969e-01
7.087235758262977470e-07,9.999992847442626953e-01
2.814724211930297315e-06,9.999971389770507812e-01
1.118724139814730734e-05,9.999887943267822266e-01
1.388390842294029426e-06,9.999985694885253906e-01
9.999809265136718750e-01,1.901400719361845404e-05
1.171704661828698590e-05,9.999883174896240234e-01
6.484235370862734271e-10,1.000000000000000000e+00
1.834828253777232021e-05,9.999816417694091797e-01
8.643269211461301893e-06,9.999912977218627930e-01
1.000000000000000000e+00,9.000014622451146806e-10
9.999988079071044922e-01,1.243105657522391994e-06
9.170196790364570916e-06,9.999908208847045898e-01
9.999998807907104492e-01,1.157767997028713580e-07
1.000000000000000000e+00,4.887016302745905705e-08
6.059414008632302284e-04,9.993940591812133789e-01
9.999883174896240234e-01,1.170443829323630780e-05
9.999941587448120117e-01,5.873278951185056940e-06
4.557578273112206091e-13,1.000000000000000000e+00
9.999997615814208984e-01,2.712703803808835801e-07
9.999983310699462891e-01,1.718784687909646891e-06
1.000000000000000000e+00,3.623596978030718674e-09
9.999991655349731445e-01,8.621968845545779914e-07
4.440988021769953775e-08,1.000000000000000000e+00
9.999927282333374023e-01,7.286991603905335069e-06
1.386978179216384888e-01,8.613021969795227051e-01
2.860479355604184093e-07,9.999997615814208984e-01
9.988542795181274414e-01,1.145678688772022724e-03
9.999998807907104492e-01,1.425807596433514846e-07
5.106634404228316271e-08,1.000000000000000000e+00
9.999994039535522461e-01,5.953311301709618419e-07
2.858542984540690668e-07,9.999997615814208984e-01
4.283229770862817531e-09,1.000000000000000000e+00
1.437705941498279572e-05,9.999855756759643555e-01
2.098814002238214016e-05,9.999790191650390625e-01
9.999997615814208984e-01,1.884607314650565968e-07
9.996722936630249023e-01,3.276861098129302263e-04
1.275396357414138038e-06,9.999986886978149414e-01
2.554570164647884667e-05,9.999744892120361328e-01
9.999930858612060547e-01,6.963186024222522974e-06
9.999991655349731445e-01,8.120480288198450580e-07
9.999996423721313477e-01,3.647999164968496189e-07
1.000000000000000000e+00,1.227608947829139652e-08
1.883202704888731205e-09,1.000000000000000000e+00
9.999998807907104492e-01,1.303691448129029595e-07
1.337021967628970742e-05,9.999866485595703125e-01
1.245492894668132067e-04,9.998754262924194336e-01
9.999996423721313477e-01,3.833603443581523607e-07
5.705380463041365147e-04,9.994294047355651855e-01
4.639250983018428087e-04,9.995361566543579102e-01
1.277299543289700523e-05,9.999872446060180664e-01
9.303504633351167286e-10,1.000000000000000000e+00
9.999991655349731445e-01,7.865086786296160426e-07
7.301934612513605316e-09,1.000000000000000000e+00
9.999998807907104492e-01,7.056441830854964792e-08
9.999991655349731445e-01,7.914287607491132803e-07
1.297702056035632268e-05,9.999870061874389648e-01
1.092607931241218466e-06,9.999989271163940430e-01
1.000000000000000000e+00,5.126553048739879159e-08
9.999991655349731445e-01,8.361633376807731111e-07
9.999991655349731445e-01,8.147280823322944343e-07
1.577916846144944429e-04,9.998421669006347656e-01
2.005532769544515759e-05,9.999799728393554688e-01
8.636911173233452477e-13,1.000000000000000000e+00
1.939277325391230988e-07,9.999997615814208984e-01
1.000000000000000000e+00,7.970244908506174397e-09
9.999810457229614258e-01,1.899016206152737141e-05
9.999991655349731445e-01,8.752468261263857130e-07
2.122463593767776047e-10,1.000000000000000000e+00
2.502174254459532676e-07,9.999997615814208984e-01
2.708975625864695758e-05,9.999729394912719727e-01
9.999996423721313477e-01,4.146497474266652716e-07
9.999995231628417969e-01,4.282766496999101946e-07
9.999990463256835938e-01,9.339815960629493929e-07
1.235513195751991589e-06,9.999988079071044922e-01
1.000000000000000000e+00,3.222336175667805946e-08
2.619179984009178952e-09,1.000000000000000000e+00
9.999916553497314453e-01,8.324474038090556860e-06
1.000000000000000000e+00,5.169767547386072692e-08
4.883514338871464133e-05,9.999511241912841797e-01
9.999979734420776367e-01,1.977229430849547498e-06
9.999986886978149414e-01,1.292738602387544233e-06
9.992203712463378906e-01,7.796235149726271629e-04
9.999911785125732422e-01,8.825221812003292143e-06
1.518947412293414345e-09,1.000000000000000000e+00
8.562139555579051375e-06,9.999914169311523438e-01
8.250633527495665476e-07,9.999991655349731445e-01
9.999679327011108398e-01,3.210303111700341105e-05
9.999997615814208984e-01,2.026322505344069214e-07
2.607227145290380577e-07,9.999997615814208984e-01
4.083448584424331784e-05,9.999591112136840820e-01
9.999997615814208984e-01,2.188976111483498244e-07
1.984426489798352122e-05,9.999802112579345703e-01
3.704295068018836901e-06,9.999963045120239258e-01
9.999992847442626953e-01,6.798654226258804556e-07
9.999234676361083984e-01,7.651777559658512473e-05
9.999986886978149414e-01,1.289033093598845880e-06
2.509101932446355931e-06,9.999974966049194336e-01
7.421794379069979186e-08,9.999998807907104492e-01
1.625623582413027179e-07,9.999998807907104492e-01
2.196785761043429375e-03,9.978031516075134277e-01
3.022350711034960113e-06,9.999970197677612305e-01
1.705926251815981232e-06,9.999983310699462891e-01
9.999954700469970703e-01,4.559021817840402946e-06
1.031712326948763803e-05,9.999896287918090820e-01
1.000000000000000000e+00,2.657389508442520309e-08
1.350905040453653783e-05,9.999865293502807617e-01
2.903150497779449779e-10,1.000000000000000000e+00
2.236847421954735182e-06,9.999977350234985352e-01
3.902508524333825335e-06,9.999960660934448242e-01
9.999996423721313477e-01,4.083859153070079628e-07
9.999998807907104492e-01,1.359083370289226878e-07
4.530074875219725072e-06,9.999954700469970703e-01
9.999998807907104492e-01,1.282605950336801470e-07
9.999899864196777344e-01,1.007207811198895797e-05
9.999997615814208984e-01,2.566220871358382283e-07
9.999920129776000977e-01,7.981466296769212931e-06
1.000000000000000000e+00,5.545562342668119982e-10
1.883452641777694225e-04,9.998117089271545410e-01
1.509890353190712631e-06,9.999984502792358398e-01
9.999992847442626953e-01,7.259858989527856465e-07
1.850122138824517037e-11,1.000000000000000000e+00
1.000000000000000000e+00,1.080938290265454071e-11
5.238100584392668679e-07,9.999995231628417969e-01
1.000000000000000000e+00,1.361114154718734426e-08
9.999996423721313477e-01,3.485207002995593939e-07
2.852224952221149579e-06,9.999971389770507812e-01
6.914970640536921564e-08,9.999998807907104492e-01
9.632925866753794253e-06,9.999903440475463867e-01
1.000000000000000000e+00,6.807813424103414945e-09
9.999978542327880859e-01,2.141240884157014079e-06
3.345391075271209047e-09,1.000000000000000000e+00
2.950650355160178151e-07,9.999997615814208984e-01
9.999995231628417969e-01,5.275866783449600916e-07
9.999998807907104492e-01,7.751167885317045148e-08
9.998694658279418945e-01,1.305711921304464340e-04
1.832973503042012453e-04,9.998167157173156738e-01
3.537166048772633076e-05,9.999645948410034180e-01
3.637764621089445427e-06,9.999963045120239258e-01
1.000000000000000000e+00,1.880967204215266975e-08
1.000000000000000000e+00,1.450335407326974746e-09
1.000000000000000000e+00,9.338087636479031062e-09
1.378495653625577688e-06,9.999985694885253906e-01
6.538041634485125542e-05,9.999346733093261719e-01
1.941413974027028644e-10,1.000000000000000000e+00
9.999998807907104492e-01,1.169517815924336901e-07
9.999961853027343750e-01,3.848545020446181297e-06
3.766545830785616999e-07,9.999996423721313477e-01
9.999954700469970703e-01,4.500569048104807734e-06
3.660318543552421033e-05,9.999634027481079102e-01
6.414298781010074890e-08,9.999998807907104492e-01
8.328262524059937277e-09,1.000000000000000000e+00
9.415978183824336156e-07,9.999990463256835938e-01
9.999998807907104492e-01,1.778814322506150347e-07
3.309116664240718819e-06,9.999966621398925781e-01
4.811687936978614744e-09,1.000000000000000000e+00
1.000000000000000000e+00,4.008900944540982891e-08
9.999983310699462891e-01,1.658261567172303330e-06
2.964368150060181506e-06,9.999970197677612305e-01
3.511096118018031120e-03,9.964889287948608398e-01
9.999998807907104492e-01,1.394210045191357494e-07
4.500127033679746091e-06,9.999954700469970703e-01
3.633745393472054275e-08,1.000000000000000000e+00
9.999992847442626953e-01,7.386051379398850258e-07
4.306767777961795218e-07,9.999995231628417969e-01
5.862436187539787902e-13,1.000000000000000000e+00
9.999971389770507812e-01,2.867547209461918101e-06
2.874953886067288522e-10,1.000000000000000000e+00
2.231662854512705962e-09,1.000000000000000000e+00
9.999998807907104492e-01,1.197320642631893861e-07
9.999990463256835938e-01,9.884795417747227475e-07
6.136533102107932791e-06,9.999939203262329102e-01
1.136608116212300956e-04,9.998862743377685547e-01
9.999984502792358398e-01,1.546762518955802079e-06
9.999856948852539062e-01,1.427515326213324443e-05
9.999997615814208984e-01,1.866062859789963113e-07
1.000000000000000000e+00,7.967114079576731456e-09
9.999989271163940430e-01,1.028070641950762365e-06
3.594627924030646682e-05,9.999639987945556641e-01
3.639252454945562931e-08,1.000000000000000000e+00
1.323072922332357848e-07,9.999998807907104492e-01
9.999998807907104492e-01,1.377936769131338224e-07
4.347422595529781830e-12,1.000000000000000000e+00
1.000000000000000000e+00,1.824497708469152712e-08
6.176388751555350609e-07,9.999994039535522461e-01
1.051819481290294789e-06,9.999989271163940430e-01
9.999966621398925781e-01,3.333426548124407418e-06
9.999935626983642578e-01,6.451509761973284185e-06
2.805955432449991349e-07,9.999997615814208984e-01
9.999998807907104492e-01,1.075658815352653619e-07
8.157781121553853154e-05,9.999184608459472656e-01
1.415167929508243105e-07,9.999998807907104492e-01
5.932872682024026290e-06,9.999940395355224609e-01
2.234012072221958078e-06,9.999977350234985352e-01
1.000000000000000000e+00,9.585149562951755797e-09
9.999989271163940430e-01,1.065718151949113235e-06
9.999903440475463867e-01,9.686605153547134250e-06
7.977927225510939024e-07,9.999991655349731445e-01
9.999985694885253906e-01,1.440018195353331976e-06
9.999955892562866211e-01,4.405269919516285881e-06
9.999985694885253906e-01,1.389272824781073723e-06
6.257790730046508543e-09,1.000000000000000000e+00
5.755725895895125177e-10,1.000000000000000000e+00
1.000000000000000000e+00,4.893209393230790738e-08
6.906390786170959473e-01,3.093609213829040527e-01
1.298373462077506701e-07,9.999998807907104492e-01
9.998700618743896484e-01,1.299297000514343381e-04
9.999994039535522461e-01,5.379327490118157584e-07
9.999835491180419922e-01,1.641521703277248889e-05
9.999961853027343750e-01,3.868253315886249766e-06
2.498720714356750250e-04,9.997500777244567871e-01
9.998107552528381348e-01,1.892492873594164848e-04
1.575976610183715820e-02,9.842402935028076172e-01
2.890070582850512437e-08,1.000000000000000000e+00
9.999973773956298828e-01,2.634800011946936138e-06
7.899598131189122796e-07,9.999991655349731445e-01
9.999819993972778320e-01,1.799913297872990370e-05
1.153822813648730516e-04,9.998846054077148438e-01
9.948398771442157340e-10,1.000000000000000000e+00
9.999966621398925781e-01,3.278346412116661668e-06
8.428824305184434706e-10,1.000000000000000000e+00
9.999995231628417969e-01,4.599661167503654724e-07
5.645537385134957731e-06,9.999943971633911133e-01
8.164316445125052724e-12,1.000000000000000000e+00
9.999998807907104492e-01,1.652486929515362135e-07
1.330588111159158871e-05,9.999866485595703125e-01
2.353209856664761901e-05,9.999765157699584961e-01
2.327092624909710139e-05,9.999767541885375977e-01
9.999965429306030273e-01,3.447607923590112478e-06
9.999986886978149414e-01,1.276462285204615910e-06
8.802712869737661094e-08,9.999998807907104492e-01
9.429740321920121460e-10,1.000000000000000000e+00
6.331163149297935888e-06,9.999936819076538086e-01
9.999994039535522461e-01,6.378028842846106272e-07
9.047213097801432014e-06,9.999909400939941406e-01
9.999998807907104492e-01,1.226481316507488373e-07
9.999998807907104492e-01,9.579487425526167499e-08
1.400043402099981904e-06,9.999985694885253906e-01
9.999998807907104492e-01,6.421435472248049336e-08
4.568486531297821784e-07,9.999995231628417969e-01
9.999755620956420898e-01,2.439730087644420564e-05
9.999520778656005859e-01,4.792014442500658333e-05
1.628012828713831794e-11,1.000000000000000000e+00
1.000000000000000000e+00,8.727178091305631824e-09
1.000000000000000000e+00,1.139614722034387739e-10
9.942247719552099738e-11,1.000000000000000000e+00
3.389179603630054771e-09,1.000000000000000000e+00
1.970531775441486388e-05,9.999803304672241211e-01
9.999804496765136719e-01,1.952735510712955147e-05
2.204007287787135283e-08,1.000000000000000000e+00
1.783057729243253675e-10,1.000000000000000000e+00
4.357986836112104356e-05,9.999563694000244141e-01
9.999748468399047852e-01,2.515592132112942636e-05
9.999995231628417969e-01,4.321616415836615488e-07
4.308593065660559773e-11,1.000000000000000000e+00
1.189346294268034399e-04,9.998810291290283203e-01
6.791581836296245456e-05,9.999320507049560547e-01
2.591044176369905472e-05,9.999741315841674805e-01
4.415236674049083376e-07,9.999995231628417969e-01
9.999986886978149414e-01,1.315586928285483737e-06
1.159648891189135611e-04,9.998840093612670898e-01
7.325698381244194479e-11,1.000000000000000000e+00
9.999995231628417969e-01,5.262810987005650532e-07
9.999983310699462891e-01,1.632264570616825949e-06
9.999998807907104492e-01,1.417181607621387229e-07
6.565250600942817982e-07,9.999992847442626953e-01
1.783288183787590242e-07,9.999998807907104492e-01
1.280295236938400194e-06,9.999986886978149414e-01
9.999970197677612305e-01,2.997612682520411909e-06
9.919612353748163969e-11,1.000000000000000000e+00
9.999997615814208984e-01,2.910955743118393002e-07
1.000000000000000000e+00,3.509164514525764389e-09
9.999969005584716797e-01,3.104830057054641657e-06
1.000000000000000000e+00,3.570245254991277761e-08
3.990297409472987056e-05,9.999600648880004883e-01
9.999961853027343750e-01,3.864076006721006706e-06
1.083888400899013504e-05,9.999891519546508789e-01
9.999577999114990234e-01,4.214411819702945650e-05
3.181724650858086534e-06,9.999967813491821289e-01
6.541309267049655318e-05,9.999345541000366211e-01
1.000000000000000000e+00,5.295374094771432283e-08
1.526683809061069041e-05,9.999847412109375000e-01
1.598422585402659024e-07,9.999998807907104492e-01
9.999700784683227539e-01,2.986940671689808369e-05
3.496526232993346639e-07,9.999996423721313477e-01
9.999945163726806641e-01,5.516568762686802074e-06
1.179917715489864349e-03,9.988200068473815918e-01
9.999991655349731445e-01,8.015478556444577407e-07
9.999997615814208984e-01,2.860059282738802722e-07
9.999957084655761719e-01,4.326529960962943733e-06
2.213883817603345960e-05,9.999778270721435547e-01
1.739644091003356152e-07,9.999998807907104492e-01
1.000000000000000000e+00,7.867914320058844169e-09
9.123280324274674058e-05,9.999088048934936523e-01
9.999983310699462891e-01,1.624019660084741190e-06
9.999998807907104492e-01,6.390425255631271284e-08
9.999996423721313477e-01,3.707397979724191828e-07
2.822598048624058720e-07,9.999997615814208984e-01
2.821274101734161377e-04,9.997178912162780762e-01
3.727421244548168033e-06,9.999963045120239258e-01
2.570482820374309085e-06,9.999973773956298828e-01
9.999984502792358398e-01,1.518360818408837076e-06
1.124831382185220718e-03,9.988752007484436035e-01
1.271491928491741419e-04,9.998728036880493164e-01
9.987656085286289454e-06,9.999899864196777344e-01
9.999421834945678711e-01,5.781318031949922442e-05
2.060311544482829049e-06,9.999979734420776367e-01
4.029676858863240341e-07,9.999996423721313477e-01
1.594770537849399261e-08,1.000000000000000000e+00
9.999988079071044922e-01,1.174353201349731535e-06
9.999996423721313477e-01,3.911608530415833229e-07
9.999959468841552734e-01,4.044760771648725495e-06
1.873496557891485281e-06,9.999980926513671875e-01
3.293901613687921781e-07,9.999996423721313477e-01
2.196000241383444518e-05,9.999780654907226562e-01
4.527535111265024170e-06,9.999954700469970703e-01
2.032317425459950755e-08,1.000000000000000000e+00
1.981369024406376411e-08,1.000000000000000000e+00
2.979548526127473451e-06,9.999970197677612305e-01
4.891706950616026006e-08,1.000000000000000000e+00
2.706274813135678414e-07,9.999997615814208984e-01
1.124253188322654751e-07,9.999998807907104492e-01
9.999998807907104492e-01,9.028994440996029880e-08
1.000000000000000000e+00,2.643542984515079297e-08
9.456509815208846703e-07,9.999990463256835938e-01
9.999983310699462891e-01,1.678197463661490474e-06
2.348580920852327836e-07,9.999997615814208984e-01
9.999996423721313477e-01,2.989063432323746383e-07
9.999816417694091797e-01,1.831261943152640015e-05
1.385415338006623642e-08,1.000000000000000000e+00
9.999985694885253906e-01,1.400217115588020533e-06
4.903103558717702981e-07,9.999995231628417969e-01
1.248320331797003746e-04,9.998751878738403320e-01
9.999990463256835938e-01,9.656680504122050479e-07
1.000000000000000000e+00,5.225192722946303547e-08
8.283999477498582564e-07,9.999991655349731445e-01
3.162652865285053849e-05,9.999684095382690430e-01
9.999994039535522461e-01,5.795653805762412958e-07
1.000000000000000000e+00,6.786577522177594801e-09
3.227546230277766881e-08,1.000000000000000000e+00
9.999998807907104492e-01,1.163916678592613607e-07
6.254899926716461778e-05,9.999374151229858398e-01
9.999994039535522461e-01,6.381314392456260975e-07
9.999997615814208984e-01,1.942205329896751209e-07
1.000000000000000000e+00,3.293759931466411217e-08
1.153359221461869311e-06,9.999988079071044922e-01
3.955688207546437241e-11,1.000000000000000000e+00
1.493480716874273639e-08,1.000000000000000000e+00
9.999860525131225586e-01,1.398453423462342471e-05
9.999927282333374023e-01,7.260756774485344067e-06
1.789872555724159042e-10,1.000000000000000000e+00
2.990115319789765636e-07,9.999996423721313477e-01
1.000000000000000000e+00,1.859131160131255456e-08
5.088861507829278708e-05,9.999490976333618164e-01
7.514150865972624160e-07,9.999992847442626953e-01
9.999880790710449219e-01,1.187908674182835966e-05
7.725188488905132544e-09,1.000000000000000000e+00
1.146861450251890346e-05,9.999885559082031250e-01
9.999741315841674805e-01,2.590327494544908404e-05
2.830627636285498738e-05,9.999717473983764648e-01
9.999991655349731445e-01,8.757043588047963567e-07
9.999984502792358398e-01,1.519526790616509970e-06
3.071917547003977234e-07,9.999996423721313477e-01
9.999995231628417969e-01,5.230238571130030323e-07
9.999969005584716797e-01,3.048783810299937613e-06
9.999923706054687500e-01,7.655505214643198997e-06
2.317051617239940242e-08,1.000000000000000000e+00
2.967294988821984891e-14,1.000000000000000000e+00
2.946023980321399449e-10,1.000000000000000000e+00
2.870196453841344919e-07,9.999997615814208984e-01
9.999996423721313477e-01,3.498487330944044515e-07
1.000000000000000000e+00,3.714684382316590927e-08
1.338889138446930360e-10,1.000000000000000000e+00
9.999995231628417969e-01,4.910857569484505802e-07
2.563202770033967681e-07,9.999997615814208984e-01
1.000000000000000000e+00,1.329202303779197791e-10
3.744895504809164777e-09,1.000000000000000000e+00
3.961398431506779616e-10,1.000000000000000000e+00
9.999887943267822266e-01,1.116730800276855007e-05
9.999995231628417969e-01,4.256040426753315842e-07
1.914309541461989284e-05,9.999808073043823242e-01
1.929611926243524067e-06,9.999980926513671875e-01
9.999994039535522461e-01,5.563981630984926596e-07
9.999994039535522461e-01,6.053946322026604321e-07
1.000000000000000000e+00,5.440588951577396415e-12
1.171542138474201966e-12,1.000000000000000000e+00
9.999928474426269531e-01,7.181095952546456829e-06
5.752444631745845527e-10,1.000000000000000000e+00
6.045409463695250452e-05,9.999395608901977539e-01
1.000000000000000000e+00,3.217478194983414141e-08
9.645619769571567304e-08,9.999998807907104492e-01
9.999974966049194336e-01,2.555075752752600238e-06
9.999963045120239258e-01,3.735534846782684326e-06
1.000000000000000000e+00,5.897540233945619548e-09
1.000000000000000000e+00,2.069544313698656879e-09
1.713790989015251398e-04,9.998285770416259766e-01
2.281800989294424653e-04,9.997717738151550293e-01
1.559920178806351032e-06,9.999984502792358398e-01
9.999947547912597656e-01,5.255721134744817391e-06
1.018741158986813389e-06,9.999989271163940430e-01
6.120657781139016151e-05,9.999388456344604492e-01
2.722225487232208252e-01,7.277774810791015625e-01
9.999997615814208984e-01,2.307750435193156591e-07
9.999965429306030273e-01,3.461949745542369783e-06
9.999514818191528320e-01,4.851995254284702241e-05
9.999974966049194336e-01,2.510530975996516645e-06
1.000000000000000000e+00,2.480570193696962633e-09
3.967661310610992587e-09,1.000000000000000000e+00
9.999909400939941406e-01,9.047489584190770984e-06
9.999985694885253906e-01,1.431870259693823755e-06
9.999998807907104492e-01,8.823590036399764358e-08
1.000000000000000000e+00,9.603046358108713321e-09
1.000000000000000000e+00,2.499087692342527589e-08
9.999994039535522461e-01,5.656238499796018004e-07
2.143991696357261389e-05,9.999785423278808594e-01
1.000000000000000000e+00,9.302724146564855801e-10
1.162864828074816614e-05,9.999883174896240234e-01
6.129334906290750951e-07,9.999994039535522461e-01
1.359758789476472884e-05,9.999864101409912109e-01
9.999740123748779297e-01,2.600232255645096302e-05
4.831601359001069795e-07,9.999995231628417969e-01
5.187267561268527061e-06,9.999947547912597656e-01
2.480508783264667727e-06,9.999974966049194336e-01
2.770177616184810176e-07,9.999997615814208984e-01
9.999989271163940430e-01,1.115764234782545827e-06
9.999994039535522461e-01,5.499085773408296518e-07
3.163446393728008843e-09,1.000000000000000000e+00
9.999990463256835938e-01,9.949296781996963546e-07
9.998794794082641602e-01,1.204862637678161263e-04
3.275101815181785669e-13,1.000000000000000000e+00
1.700018126271629626e-09,1.000000000000000000e+00
1.000000000000000000e+00,1.006453942409279989e-08
9.999998807907104492e-01,1.330496530727032223e-07
7.900487162260105833e-07,9.999991655349731445e-01
9.999998807907104492e-01,8.310588839322008425e-08
9.999910593032836914e-01,8.900055945559870452e-06
9.999998807907104492e-01,9.663905586876353482e-08
